50_50,bad_behaviour_card,ball_receipt_outcome,ball_recovery_offensive,ball_recovery_recovery_failure,block_deflection,block_offensive,carry_end_location,clearance_aerial_won,clearance_body_part,clearance_head,clearance_left_foot,clearance_other,clearance_right_foot,counterpress,dribble_nutmeg,dribble_outcome,dribble_overrun,duel_outcome,duel_type,duration,foul_committed_advantage,foul_committed_card,foul_committed_offensive,foul_committed_penalty,foul_committed_type,foul_won_advantage,foul_won_defensive,foul_won_penalty,goalkeeper_body_part,goalkeeper_end_location,goalkeeper_outcome,goalkeeper_position,goalkeeper_technique,goalkeeper_type,id,index,interception_outcome,location,match_id,minute,off_camera,out,pass_aerial_won,pass_angle,pass_assisted_shot_id,pass_body_part,pass_cross,pass_deflected,pass_end_location,pass_goal_assist,pass_height,pass_inswinging,pass_length,pass_outcome,pass_outswinging,pass_recipient,pass_recipient_id,pass_shot_assist,pass_switch,pass_technique,pass_through_ball,pass_type,period,play_pattern,player,player_id,position,possession,possession_team,possession_team_id,related_events,second,shot_aerial_won,shot_body_part,shot_end_location,shot_first_time,shot_freeze_frame,shot_key_pass_id,shot_one_on_one,shot_outcome,shot_statsbomb_xg,shot_technique,shot_type,substitution_outcome,substitution_outcome_id,substitution_replacement,substitution_replacement_id,tactics,team,team_id,timestamp,type,under_pressure,x,y,end_x,end_y
,,,,,,,,,,,,,,,,,,,,1.533107,,,,,,,,,,,,,,,54bd94ec-86b7-4428-b71b-286c1e080b9f,11,,"[84.5, 8.5]",3869685,0,,,,,,,,,,,,,,,,,,,,,,,1,From Throw In,Adrien Rabiot,3026.0,Left Defensive Midfield,3,Argentina,779,"['2be9a9f2-84ab-4935-8fb2-bd497202fa2f', 'a511000a-bb39-4888-80e5-d81cabf8819e']",17,,,,,,,,,,,,,,,,,France,771,00:00:17.350,Pressure,,84.5,8.5,,
,,,,,,,,,,,,,,,,,,,,0.437584,,,,,,,,,,,,,,,34e4c829-064b-4e37-b02c-e997f114b25f,29,,"[87.3, 73.5]",3869685,0,,,,,,,,,,,,,,,,,,,,,,,1,From Free Kick,Ousmane Dembélé,5477.0,Right Wing,4,Argentina,779,"['b29ee2e5-444f-4a7a-9214-67dded65d069', 'f6c30bac-9533-4dd1-bff7-95900d699747']",46,,,,,,,,,,,,,,,,,France,771,00:00:46.868,Pressure,,87.3,73.5,,
,,,,,,,,,,,,,,,,,,,,0.333605,,,,,,,,,,,,,,,a907b58d-360e-485d-b5dd-f85e72b59e94,33,,"[73.6, 73.5]",3869685,0,,,,,,,,,,,,,,,,,,,,,,,1,From Free Kick,Aurélien Djani Tchouaméni,10481.0,Right Defensive Midfield,4,Argentina,779,,48,,,,,,,,,,,,,,,,,France,771,00:00:48.332,Pressure,,73.6,73.5,,
,,,,,,,,,,,,,,,,,,,,0.441545,,,,,,,,,,,,,,,3a7fcec1-e87e-429b-a556-a14ed6b1eaee,55,,"[109.3, 37.0]",3869685,1,,,,,,,,,,,,,,,,,,,,,,,1,From Free Kick,Antoine Griezmann,5487.0,Center Attacking Midfield,5,Argentina,779,"['6a7787f9-b334-492e-9f35-3a06a3646b4f', 'd022265e-ac5c-48fa-92be-ea046ca39332']",27,,,,,,,,,,,,,,,,,France,771,00:01:27.031,Pressure,,109.3,37.0,,
,,,,,,,,,,,,,,,,,,,,0.840068,,,,,,,,,,,,,,,ae10a09b-1384-4cf3-852c-10deb5ab20db,83,,"[50.1, 68.4]",3869685,2,,,,,,,,,,,,,,,,,,,,,,,1,From Throw In,Antoine Griezmann,5487.0,Center Attacking Midfield,8,Argentina,779,,13,,,,,,,,,,,,,,,,,France,771,00:02:13.073,Pressure,,50.1,68.4,,
,,,,,,,,,,,,,,,,,,,,0.328289,,,,,,,,,,,,,,,98f475c7-283c-4cb2-83f4-4c9022ec5c8a,87,,"[39.4, 43.6]",3869685,2,,,,,,,,,,,,,,,,,,,,,,,1,From Throw In,Aurélien Djani Tchouaméni,10481.0,Right Defensive Midfield,8,Argentina,779,"['1552304a-f3c0-42bf-b7ff-d7b0173d7488', '935dedc1-2acb-4f29-b202-c161f926d3ab']",16,,,,,,,,,,,,,,,,,France,771,00:02:16.771,Pressure,,39.4,43.6,,
,,,,,,,,,,,,,,True,,,,,,0.345796,,,,,,,,,,,,,,,543cee0b-bed8-4e05-aff4-3f83484ea8e4,113,,"[77.6, 61.0]",3869685,3,,,,,,,,,,,,,,,,,,,,,,,1,Regular Play,Olivier Giroud,3604.0,Center Forward,10,Argentina,779,['f5200d48-9bec-4b4f-bcd9-fd3c4236449b'],8,,,,,,,,,,,,,,,,,France,771,00:03:08.489,Pressure,,77.6,61.0,,
,,,,,,,,,,,,,,True,,,,,,0.333349,,,,,,,,,,,,,,,6295e9e6-4031-45f2-9e1f-236a1d822994,117,,"[89.9, 53.0]",3869685,3,,,,,,,,,,,,,,,,,,,,,,,1,Regular Play,Olivier Giroud,3604.0,Center Forward,10,Argentina,779,['58a4deb1-130a-4e75-837b-2f7aa0c8c308'],10,,,,,,,,,,,,,,,,,France,771,00:03:10.988,Pressure,,89.9,53.0,,
,,,,,,,,,,,,,,,,,,,,0.434597,,,,,,,,,,,,,,,5d2627b1-4b79-4436-b06b-b740c24d5484,139,,"[48.6, 17.9]",3869685,3,,,,,,,,,,,,,,,,,,,,,,,1,From Free Kick,Adrien Rabiot,3026.0,Left Defensive Midfield,11,Argentina,779,['7772fca1-5ac5-4f4e-b7c8-647dfe3887cf'],52,,,,,,,,,,,,,,,,,France,771,00:03:52.380,Pressure,,48.6,17.9,,
,,,,,,,,,,,,,,,,,,,,0.827219,,,,,,,,,,,,,,,9c2346b1-7e5a-43dd-956c-566a44f3ad13,146,,"[28.3, 72.5]",3869685,4,,,,,,,,,,,,,,,,,,,,,,,1,From Free Kick,Jules Koundé,4445.0,Right Back,11,Argentina,779,['f2a0fe69-3c53-4ad4-acb5-36cd49944a33'],0,,,,,,,,,,,,,,,,,France,771,00:04:00.864,Pressure,,28.3,72.5,,
,,,,,,,,,,,,,,,,,,,,0.461656,,,,,,,,,,,,,,,2c5db794-0ebf-43b6-9230-597f44765b14,160,,"[28.7, 72.3]",3869685,4,,,,,,,,,,,,,,,,,,,,,,,1,From Throw In,Antoine Griezmann,5487.0,Center Attacking Midfield,12,Argentina,779,['482e3751-4ab6-42dd-a14e-a6b477bf2ca1'],16,,,,,,,,,,,,,,,,,France,771,00:04:16.373,Pressure,,28.7,72.3,,
,,,,,,,,,,,,,,,,,,,,0.19701,,,,,,,,,,,,,,,40b64961-2cdc-4b4e-b04b-7fb6f035a1a2,196,,"[54.2, 42.7]",3869685,4,,,,,,,,,,,,,,,,,,,,,,,1,From Keeper,Antoine Griezmann,5487.0,Center Attacking Midfield,15,France,771,,52,,,,,,,,,,,,,,,,,France,771,00:04:52.750,Pressure,,54.2,42.7,,
,,,,,,,,,,,,,,True,,,,,,0.331837,,,,,,,,,,,,,,,9d4a1489-aac3-4beb-8e44-9731575e9145,382,,"[71.1, 77.2]",3869685,11,,,,,,,,,,,,,,,,,,,,,,,1,Regular Play,Jules Koundé,4445.0,Right Back,21,Argentina,779,,20,,,,,,,,,,,,,,,,,France,771,00:11:20.846,Pressure,,71.1,77.2,,
,,,,,,,,,,,,,,,,,,,,0.46356,,,,,,,,,,,,,,,bd817fd3-676b-402e-aa20-9de5e7f6cb8a,426,,"[19.5, 54.1]",3869685,12,,,,,,,,,,,,,,,,,,,,,,,1,Regular Play,Aurélien Djani Tchouaméni,10481.0,Right Defensive Midfield,21,Argentina,779,"['00609c4f-262b-4cdf-8a5a-b100635503a0', '575a79b8-4a3a-4d3f-a83d-21bbb4806755']",2,,,,,,,,,,,,,,,,,France,771,00:12:02.401,Pressure,,19.5,54.1,,
,,,,,,,,,,,,,,,,,,,,0.47556,,,,,,,,,,,,,,,938ede08-c03b-4944-939b-e1d8eb9b9f24,476,,"[100.4, 29.0]",3869685,13,,,,,,,,,,,,,,,,,,,,,,,1,From Keeper,Olivier Giroud,3604.0,Center Forward,23,Argentina,779,['cb141dd1-9e65-4af6-95b1-fb0217e6840d'],34,,,,,,,,,,,,,,,,,France,771,00:13:34.645,Pressure,,100.4,29.0,,
,,,,,,,,,,,,,,,,,,,,1.369574,,,,,,,,,,,,,,,65a5b6cd-2ed1-4ba6-801a-2a63df72e83d,528,,"[41.3, 72.5]",3869685,14,,,,,,,,,,,,,,,,,,,,,,,1,Regular Play,Jules Koundé,4445.0,Right Back,25,Argentina,779,"['4b194c3a-1b2d-4a9b-af13-45e8cb94e74d', '8f40b87c-4ff7-4418-bb9e-82f8b6711ebb', 'cba89f29-2e13-411d-aec1-ff595a43b9a7']",43,,,,,,,,,,,,,,,,,France,771,00:14:43.410,Pressure,,41.3,72.5,,
,,,,,,,,,,,,,,,,,,,,1.202277,,,,,,,,,,,,,,,b05e27eb-cda7-4ec1-8163-4cce40e92824,549,,"[38.8, 76.1]",3869685,15,,,,,,,,,,,,,,,,,,,,,,,1,Regular Play,Jules Koundé,4445.0,Right Back,25,Argentina,779,"['0a4a6905-8614-4372-a6e3-41e6f54dca34', '4cb4f68a-e73b-4489-a6e2-23a5bec0f905', 'e627ea10-3a2b-40f0-ab4d-4bcccc8d72eb']",3,,,,,,,,,,,,,,,,,France,771,00:15:03.389,Pressure,,38.8,76.1,,
,,,,,,,,,,,,,,,,,,,,0.970487,,,,,,,,,,,,,,,39dea69b-232f-4d04-a816-cbb76da706e7,730,,"[19.5, 7.9]",3869685,20,,,,,,,,,,,,,,,,,,,,,,,1,From Free Kick,Theo Bernard François Hernández,6704.0,Left Back,31,Argentina,779,['79a28c10-9c5c-4eec-9be3-b9866e8f73f5'],22,,,,,,,,,,,,,,,,,France,771,00:20:22.349,Pressure,,19.5,7.9,,
,,,,,,,,,,,,,,,,,,,,0.451428,,,,,,,,,,,,,,,a7562bb1-822f-4b2c-990e-31f4ed18f3fe,745,,"[48.8, 58.1]",3869685,20,,,,,,,,,,,,,,,,,,,,,,,1,From Free Kick,Antoine Griezmann,5487.0,Center Attacking Midfield,31,Argentina,779,['2211a908-5f73-4ded-add8-0caadbe5385f'],35,,,,,,,,,,,,,,,,,France,771,00:20:35.381,Pressure,,48.8,58.1,,
,,,,,,,,,,,,,,,,,,,,1.241029,,,,,,,,,,,,,,,70db67b9-8679-4434-819b-ffa1fde9a4fb,755,,"[47.1, 26.0]",3869685,20,,,,,,,,,,,,,,,,,,,,,,,1,From Free Kick,Olivier Giroud,3604.0,Center Forward,31,Argentina,779,['0f336ba4-5840-4182-a00c-efbc6bad650d'],42,,,,,,,,,,,,,,,,,France,771,00:20:42.683,Pressure,,47.1,26.0,,
,,,,,,,,,,,,,,,,,,,,0.329471,,,,,,,,,,,,,,,1a3b4395-b5f5-4439-882e-50727246fb62,758,,"[27.2, 47.0]",3869685,20,,,,,,,,,,,,,,,,,,,,,,,1,From Free Kick,Jules Koundé,4445.0,Right Back,31,Argentina,779,,44,,,,,,,,,,,,,,,,,France,771,00:20:44.621,Pressure,,27.2,47.0,,
,,,,,,,,,,,,,,,,,,,,0.321812,,,,,,,,,,,,,,,cf41554c-18fa-4984-8322-140a56add3b0,764,,"[4.3, 65.2]",3869685,20,,,,,,,,,,,,,,,,,,,,,,,1,From Free Kick,Ousmane Dembélé,5477.0,Right Wing,31,Argentina,779,['49083a86-11b1-4fd2-9830-a1ab951bc1b8'],50,,,,,,,,,,,,,,,,,France,771,00:20:50.329,Pressure,,4.3,65.2,,
,,,,,,,,,,,,,,,,,,,,0.443445,,,,,,,,,,,,,,,a058a11a-2672-4e8b-aa8a-34d22a2467f5,768,,"[6.7, 62.8]",3869685,20,,,,,,,,,,,,,,,,,,,,,,,1,From Free Kick,Ousmane Dembélé,5477.0,Right Wing,31,Argentina,779,['c9609f52-1f7b-4b21-9a6c-d145a20ffe06'],52,,,,,,,,,,,,,,,,,France,771,00:20:52.533,Pressure,,6.7,62.8,,
,,,,,,,,,,,,,,True,,,,,,0.327678,,,,,,,,,,,,,,,887c5cc6-2885-4fc2-808a-2332823318d3,805,,"[86.7, 28.8]",3869685,24,,,,,,,,,,,,,,,,,,,,,,,1,Regular Play,Adrien Rabiot,3026.0,Left Defensive Midfield,35,Argentina,779,['3e38e0a7-9dae-474a-b3b5-f8a3db3ba0d9'],16,,,,,,,,,,,,,,,,,France,771,00:24:16.969,Pressure,,86.7,28.8,,
,,,,,,,,,,,,,,,,,,,,0.441947,,,,,,,,,,,,,,,982213b0-b602-4e83-b592-1eafcbb4c67f,809,,"[83.2, 48.1]",3869685,24,,,,,,,,,,,,,,,,,,,,,,,1,Regular Play,Ousmane Dembélé,5477.0,Right Wing,35,Argentina,779,['715b7327-3630-4274-a168-e7c805d309e1'],19,,,,,,,,,,,,,,,,,France,771,00:24:19.220,Pressure,,83.2,48.1,,
,,,,,,,,,,,,,,,,,,,,2.646348,,,,,,,,,,,,,,,13e0c44e-1bdf-419e-ade5-94d8b66be7ef,845,,"[61.4, 74.8]",3869685,25,,,,,,,,,,,,,,,,,,,,,,,1,Regular Play,Ousmane Dembélé,5477.0,Right Wing,39,Argentina,779,['67367213-d82d-4936-8f0e-e417666ee118'],24,,,,,,,,,,,,,,,,,France,771,00:25:24.416,Pressure,,61.4,74.8,,
,,,,,,,,,,,,,,,,,,,,0.344424,,,,,,,,,,,,,,,9c8fb653-850e-44a3-9153-3c8b12ae9d3f,876,,"[12.9, 11.9]",3869685,28,,,,,,,,,,,,,,,,,,,,,,,1,From Free Kick,Theo Bernard François Hernández,6704.0,Left Back,41,Argentina,779,['8c5a667b-6f0e-4101-8670-960405dfee57'],29,,,,,,,,,,,,,,,,,France,771,00:28:29.587,Pressure,,12.9,11.9,,
,,,,,,,,,,,,,,True,,,,,,0.230207,,,,,,,,,,,,,,,e74200b4-2b62-4ae1-89d5-ab09a388ec2e,891,,"[82.4, 61.3]",3869685,29,,,,,,,,,,,,,,,,,,,,,,,1,Regular Play,Antoine Griezmann,5487.0,Center Attacking Midfield,44,Argentina,779,"['98241c9a-8ceb-45f2-a06f-a91987266cd3', '9b4e93a9-f7b8-4992-b2a6-5ae02bea6831']",44,,,,,,,,,,,,,,,,,France,771,00:29:44.849,Pressure,,82.4,61.3,,
,,,,,,,,,,,,,,,,,,,,1.255336,,,,,,,,,,,,,,,7089da17-0730-4220-bd41-8de613e7a0d6,929,,"[46.7, 74.8]",3869685,30,,,,,,,,,,,,,,,,,,,,,,,1,Regular Play,Ousmane Dembélé,5477.0,Right Wing,46,Argentina,779,['a992c5ec-3fa7-4a06-9eca-88ef98cc0bdf'],42,,,,,,,,,,,,,,,,,France,771,00:30:42.059,Pressure,,46.7,74.8,,
,,,,,,,,,,,,,,,,,,,,0.451059,,,,,,,,,,,,,,,39610874-3288-4cef-aa4e-5da4fe75d1b7,936,,"[108.1, 45.1]",3869685,30,,,,,,,,,,,,,,,,,,,,,,,1,Regular Play,Olivier Giroud,3604.0,Center Forward,46,Argentina,779,"['8f4223d7-3d7d-4f62-96fe-62f7b94a4695', 'ac88910c-f667-4b2a-9ca5-7401ea9c3621']",50,,,,,,,,,,,,,,,,,France,771,00:30:50.572,Pressure,,108.1,45.1,,
,,,,,,,,,,,,,,,,,,,,0.440226,,,,,,,,,,,,,,,55332f50-a243-4e16-b94c-6be09ad137b9,962,,"[30.0, 32.9]",3869685,31,,,,,,,,,,,,,,,,,,,,,,,1,Regular Play,Antoine Griezmann,5487.0,Center Attacking Midfield,46,Argentina,779,"['608d9422-95c0-4691-a946-41c02d99180d', '63e992fa-8f8a-42e1-85c8-60a0687e3527']",14,,,,,,,,,,,,,,,,,France,771,00:31:14.330,Pressure,,30.0,32.9,,
,,,,,,,,,,,,,,True,,,,,,3.288827,,,,,,,,,,,,,,,4fbbfc66-9c16-430d-8238-6a733669eb9e,986,,"[19.7, 15.1]",3869685,32,,,,,,,,,,,,,,,,,,,,,,,1,Regular Play,Dayotchanculle Upamecano,8519.0,Left Center Back,48,Argentina,779,['4152ef40-f0bc-4a52-92b4-f0f92e2a2d8c'],7,,,,,,,,,,,,,,,,,France,771,00:32:07.670,Pressure,,19.7,15.1,,
,,,,,,,,,,,,,,,,,,,,0.568761,,,,,,,,,,,,,,,6c34d8a1-e594-41ee-9fba-70c93ef6d5a1,991,,"[30.6, 45.7]",3869685,32,,,,,,,,,,,,,,,,,,,,,,,1,Regular Play,Antoine Griezmann,5487.0,Center Attacking Midfield,48,Argentina,779,['bcadb881-4c0e-4396-9ea4-b9f7c2495ffd'],13,,,,,,,,,,,,,,,,,France,771,00:32:13.100,Pressure,,30.6,45.7,,
,,,,,,,,,,,,,,,,,,,,0.454979,,,,,,,,,,,,,,,d230a1b3-165e-4d72-85f9-728154e10fb3,995,,"[34.9, 33.1]",3869685,32,,,,,,,,,,,,,,,,,,,,,,,1,Regular Play,Kylian Mbappé Lottin,3009.0,Left Wing,48,Argentina,779,['c137d51f-dae3-4ffb-b3db-f31306427368'],16,,,,,,,,,,,,,,,,,France,771,00:32:16.359,Pressure,,34.9,33.1,,
,,,,,,,,,,,,,,,,,,,,0.362487,,,,,,,,,,,,,,,0cbf9595-f0c9-4f23-a673-41790c12cc05,1001,,"[30.8, 31.8]",3869685,32,,,,,,,,,,,,,,,,,,,,,,,1,Regular Play,Kylian Mbappé Lottin,3009.0,Left Wing,48,Argentina,779,['372dac4f-a3db-49eb-879b-2a3638cc679c'],18,,,,,,,,,,,,,,,,,France,771,00:32:18.553,Pressure,,30.8,31.8,,
,,,,,,,,,,,,,,,,,,,,0.336045,,,,,,,,,,,,,,,8f697079-0cce-449e-bebb-c0371028b02f,1015,,"[48.6, 24.1]",3869685,32,,,,,,,,,,,,,,,,,,,,,,,1,Regular Play,Adrien Rabiot,3026.0,Left Defensive Midfield,48,Argentina,779,"['b8020bf8-11c2-4615-8b48-ae2ad9c506f6', 'ecacc53f-317a-4a45-b60b-4c2ba2ec9fe9']",31,,,,,,,,,,,,,,,,,France,771,00:32:31.959,Pressure,,48.6,24.1,,
,,,,,,,,,,,,,,,,,,,,0.325131,,,,,,,,,,,,,,,fc70982d-adb3-48e9-aba2-6a8c86e6efd4,1026,,"[39.6, 77.2]",3869685,32,,,,,,,,,,,,,,,,,,,,,,,1,Regular Play,Jules Koundé,4445.0,Right Back,48,Argentina,779,,38,,,,,,,,,,,,,,,,,France,771,00:32:38.888,Pressure,,39.6,77.2,,
,,,,,,,,,,,,,,True,,,,,,0.455495,,,,,,,,,,,,,,,352e6304-564a-4076-91fa-086d75b9ff63,1038,,"[46.5, 69.7]",3869685,33,,,,,,,,,,,,,,,,,,,,,,,1,Regular Play,Antoine Griezmann,5487.0,Center Attacking Midfield,50,Argentina,779,['3c6b88c3-a82b-4127-9bb7-ea546c3372aa'],2,,,,,,,,,,,,,,,,,France,771,00:33:02.492,Pressure,,46.5,69.7,,
,,,,,,,,,,,,,,True,,,,,,0.700518,,,,,,,,,,,,,,,6938a365-bf89-4be5-b256-4ab38936e344,1040,,"[43.2, 77.4]",3869685,33,,,,,,,,,,,,,,,,,,,,,,,1,Regular Play,Jules Koundé,4445.0,Right Back,50,Argentina,779,"['2d28ac52-eae2-4056-8352-eebe74550cfe', 'c20bdbf1-c5d1-4b85-b421-2ff5dbcfbc14']",3,,,,,,,,,,,,,,,,,France,771,00:33:03.232,Pressure,,43.2,77.4,,
,,,,,,,,,,,,,,,,,,,,0.323768,,,,,,,,,,,,,,,27ad79fb-023e-405c-8d72-a8cc27a95917,1098,,"[62.5, 62.6]",3869685,34,,,,,,,,,,,,,,,,,,,,,,,1,Regular Play,Antoine Griezmann,5487.0,Center Attacking Midfield,50,Argentina,779,['20833410-5775-452e-9804-f0fd4f045728'],1,,,,,,,,,,,,,,,,,France,771,00:34:01.274,Pressure,,62.5,62.6,,
,,,,,,,,,,,,,,,,,,,,0.327729,,,,,,,,,,,,,,,f0174f41-4e07-44ca-b3ae-28530de8597e,1112,,"[24.2, 46.6]",3869685,34,,,,,,,,,,,,,,,,,,,,,,,1,Regular Play,Adrien Rabiot,3026.0,Left Defensive Midfield,50,Argentina,779,,17,,,,,,,,,,,,,,,,,France,771,00:34:17.934,Pressure,,24.2,46.6,,
,,,,,,,,,,,,,,,,,,,,0.978092,,,,,,,,,,,,,,,e43a26d9-fe65-4fd9-8870-a996d9938e0c,1138,,"[62.3, 38.9]",3869685,34,,,,,,,,,,,,,,,,,,,,,,,1,Regular Play,Olivier Giroud,3604.0,Center Forward,50,Argentina,779,['9936e23d-26e7-46c3-bc3c-aa73bd04f18d'],41,,,,,,,,,,,,,,,,,France,771,00:34:41.740,Pressure,,62.3,38.9,,
,,,,,,,,,,,,,,,,,,,,0.198485,,,,,,,,,,,,,,,1a553a13-d16c-45b7-ace1-6b55bd7d0413,1159,,"[112.1, 22.0]",3869685,35,,,,,,,,,,,,,,,,,,,,,,,1,From Throw In,Kylian Mbappé Lottin,3009.0,Left Wing,51,France,771,['3f8baace-9f93-4f03-bc18-d54fa22b729c'],5,,,,,,,,,,,,,,,,,France,771,00:35:05.074,Pressure,,112.1,22.0,,
,,,,,,,,,,,,,,True,,,,,,0.31817,,,,,,,,,,,,,,,e05f7157-93c5-485d-901a-635566943324,1204,,"[74.5, 74.2]",3869685,37,,,,,,,,,,,,,,,,,,,,,,,1,Regular Play,Ousmane Dembélé,5477.0,Right Wing,55,Argentina,779,,18,,,,,,,,,,,,,,,,,France,771,00:37:18.943,Pressure,,74.5,74.2,,
,,,,,,,,,,,,,,,,,,,,0.333632,,,,,,,,,,,,,,,41da075a-6623-4790-ac17-804bdcc59590,1244,,"[64.2, 72.7]",3869685,37,,,,,,,,,,,,,,,,,,,,,,,1,Regular Play,Jules Koundé,4445.0,Right Back,55,Argentina,779,['afa254c3-543d-400f-a7ed-4d6fcc7f0bf8'],51,,,,,,,,,,,,,,,,,France,771,00:37:51.294,Pressure,,64.2,72.7,,
,,,,,,,,,,,,,,True,,,,,,0.975963,,,,,,,,,,,,,,,07a06513-562e-4ab7-a48c-5829527aab40,1274,,"[64.2, 7.4]",3869685,38,,,,,,,,,,,,,,,,,,,,,,,1,Regular Play,Dayotchanculle Upamecano,8519.0,Left Center Back,57,France,771,['82561865-8a5d-4cf4-bf4c-cbd64e587fa1'],32,,,,,,,,,,,,,,,,,France,771,00:38:32.870,Pressure,,64.2,7.4,,
,,,,,,,,,,,,,,True,,,,,,0.325578,,,,,,,,,,,,,,,1a3fcfca-c02e-434e-88e9-2d54ba969b5c,1307,,"[64.9, 59.8]",3869685,39,,,,,,,,,,,,,,,,,,,,,,,1,Regular Play,Adrien Rabiot,3026.0,Left Defensive Midfield,58,Argentina,779,,7,,,,,,,,,,,,,,,,,France,771,00:39:07.137,Pressure,,64.9,59.8,,
,,,,,,,,,,,,,,,,,,,,0.193291,,,,,,,,,,,,,,,30dccb89-99fb-47a8-8089-0f385541cd35,1356,,"[69.8, 7.2]",3869685,39,,,,,,,,,,,,,,,,,,,,,,,1,Regular Play,Adrien Rabiot,3026.0,Left Defensive Midfield,60,Argentina,779,,51,,,,,,,,,,,,,,,,,France,771,00:39:51.951,Pressure,,69.8,7.2,,
,,,,,,,,,,,,,,,,,,,,0.331597,,,,,,,,,,,,,,,5ae24c77-c75b-47e5-bb14-8b4e5625f434,1362,,"[89.2, 7.0]",3869685,39,,,,,,,,,,,,,,,,,,,,,,,1,Regular Play,Olivier Giroud,3604.0,Center Forward,60,Argentina,779,['fcc660e4-ff95-4f92-9a49-5cedcbd2c7d5'],57,,,,,,,,,,,,,,,,,France,771,00:39:57.805,Pressure,,89.2,7.0,,
,,,,,,,,,,,,,,,,,,,,1.245959,,,,,,,,,,,,,,,c32742e7-08f2-4a0b-9bc9-08384c141820,1382,,"[68.1, 74.8]",3869685,41,,,,,,,,,,,,,,,,,,,,,,,1,From Free Kick,Randal Kolo Muani,22097.0,Right Wing,61,Argentina,779,,10,,,,,,,,,,,,,,,,,France,771,00:41:10.278,Pressure,,68.1,74.8,,
,,,,,,,,,,,,,,,,,,,,0.621976,,,,,,,,,,,,,,,3abb622e-56f1-4223-b8f9-002584469d17,1395,,"[68.5, 73.5]",3869685,41,,,,,,,,,,,,,,,,,,,,,,,1,From Free Kick,Randal Kolo Muani,22097.0,Right Wing,62,Argentina,779,['d59ad16e-247d-40d5-8b66-de0414bbb94b'],38,,,,,,,,,,,,,,,,,France,771,00:41:38.700,Pressure,,68.5,73.5,,
,,,,,,,,,,,,,,True,,,,,,0.32938,,,,,,,,,,,,,,,e40b238c-ad60-4568-90da-da919eeaddfb,1428,,"[89.9, 9.4]",3869685,43,,,,,,,,,,,,,,,,,,,,,,,1,From Goal Kick,Marcus Thuram,2972.0,Left Wing,64,France,771,['2a431eb3-1431-4a55-a021-c40d0d616819'],12,,,,,,,,,,,,,,,,,France,771,00:43:12.321,Pressure,,89.9,9.4,,
,,,,,,,,,,,,,,,,,,,,0.339818,,,,,,,,,,,,,,,d53efb99-9cc1-4dd8-bda3-e7de7c163d8d,1436,,"[84.1, 8.9]",3869685,43,,,,,,,,,,,,,,,,,,,,,,,1,From Goal Kick,Marcus Thuram,2972.0,Left Wing,64,France,771,,16,,,,,,,,,,,,,,,,,France,771,00:43:16.199,Pressure,,84.1,8.9,,
,,,,,,,,,,,,,,True,,,,,,0.327091,,,,,,,,,,,,,,,b54b0c0b-ab3a-4fdb-822b-d1ec07502ff4,1438,,"[67.6, 16.9]",3869685,43,,,,,,,,,,,,,,,,,,,,,,,1,From Goal Kick,Aurélien Djani Tchouaméni,10481.0,Right Defensive Midfield,64,France,771,,16,,,,,,,,,,,,,,,,,France,771,00:43:16.830,Pressure,,67.6,16.9,,
,,,,,,,,,,,,,,True,,,,,,0.577231,,,,,,,,,,,,,,,8ad02459-3dab-42e5-b65f-0198b3817fed,1530,,"[78.8, 28.6]",3869685,44,,,,,,,,,,,,,,,,,,,,,,,1,Regular Play,Marcus Thuram,2972.0,Left Wing,67,Argentina,779,['bd6e0b8d-2228-42a6-a540-2a520ffd5d50'],57,,,,,,,,,,,,,,,,,France,771,00:44:57.511,Pressure,,78.8,28.6,,
,,,,,,,,,,,,,,,,,,,,0.571859,,,,,,,,,,,,,,,9d9a1e94-737e-4ea0-9bd5-f2c459c25815,1534,,"[70.8, 8.9]",3869685,45,,,,,,,,,,,,,,,,,,,,,,,1,Regular Play,Marcus Thuram,2972.0,Left Wing,67,Argentina,779,['cfc1abee-fbe4-4914-976a-7fda65fdf53c'],1,,,,,,,,,,,,,,,,,France,771,00:45:01.715,Pressure,,70.8,8.9,,
,,,,,,,,,,,,,,,,,,,,0.325265,,,,,,,,,,,,,,,19401446-9217-4964-82bb-60284c002767,1601,,"[108.9, 10.6]",3869685,46,,,,,,,,,,,,,,,,,,,,,,,1,Regular Play,Theo Bernard François Hernández,6704.0,Left Back,69,France,771,,33,,,,,,,,,,,,,,,,,France,771,00:46:33.601,Pressure,,108.9,10.6,,
,,,,,,,,,,,,,,,,,,,,0.316706,,,,,,,,,,,,,,,8c9e55df-497a-4347-9ae4-38ae3281a578,1620,,"[15.7, 14.3]",3869685,48,,,,,,,,,,,,,,,,,,,,,,,1,From Throw In,Theo Bernard François Hernández,6704.0,Left Back,71,Argentina,779,"['14bbeb09-6cdb-424f-b487-0d61732f5dd3', '5a0c3900-3f3c-43ff-bb0f-1ad7512f925a']",20,,,,,,,,,,,,,,,,,France,771,00:48:20.824,Pressure,,15.7,14.3,,
,,,,,,,,,,,,,,,,,,,,1.225303,,,,,,,,,,,,,,,fb60d195-a8ed-4598-9962-8e96bba81773,1636,,"[67.6, 75.0]",3869685,48,,,,,,,,,,,,,,,,,,,,,,,1,From Throw In,Randal Kolo Muani,22097.0,Right Wing,71,Argentina,779,"['0a9a897f-50de-4744-8854-a0fef81899a9', 'd4d70738-a19e-42f9-82d9-f711b5c05ad6']",39,,,,,,,,,,,,,,,,,France,771,00:48:39.195,Pressure,,67.6,75.0,,
,,,,,,,,,,,,,,True,,,,,,0.579234,,,,,,,,,,,,,,,bf64156c-3918-4e67-8995-a9bf85d31f84,1688,,"[93.9, 54.5]",3869685,49,,,,,,,,,,,,,,,,,,,,,,,1,Regular Play,Randal Kolo Muani,22097.0,Right Wing,74,Argentina,779,"['1a984059-c6bc-4d58-b325-a14320c5f0e0', '93672ada-0021-486b-b5fe-de848a4209c8']",42,,,,,,,,,,,,,,,,,France,771,00:49:42.059,Pressure,,93.9,54.5,,
,,,,,,,,,,,,,,,,,,,,0.322263,,,,,,,,,,,,,,,789792af-7eb0-4d78-9654-28f25dd747de,1699,,"[24.0, 74.8]",3869685,50,,,,,,,,,,,,,,,,,,,,,,,1,From Throw In,Jules Koundé,4445.0,Right Back,76,Argentina,779,,31,,,,,,,,,,,,,,,,,France,771,00:50:31.446,Pressure,,24.0,74.8,,
,,,,,,,,,,,,,,,,,,,,0.32924,,,,,,,,,,,,,,,6e2bbf6c-2d17-418f-b41e-b2ce4083b24d,1735,,"[63.6, 42.1]",3869685,51,,,,,,,,,,,,,,,,,,,,,,,1,From Throw In,Kylian Mbappé Lottin,3009.0,Center Forward,77,Argentina,779,"['027b3312-7e7b-4b41-a412-c7e8bdc6c742', '3c348e31-5604-4483-8dcb-526dbd1a18d2']",9,,,,,,,,,,,,,,,,,France,771,00:51:09.260,Pressure,,63.6,42.1,,
,,,,,,,,,,,,,,,,,,,,0.586599,,,,,,,,,,,,,,,26f36b14-04c1-4d13-9902-745453a74e72,1769,,"[55.2, 77.2]",3869685,45,,,,,,,,,,,,,,,,,,,,,,,2,From Kick Off,Jules Koundé,4445.0,Right Back,80,Argentina,779,['d46e5ffd-f397-4cd1-a243-3ec3ed5eaff3'],10,,,,,,,,,,,,,,,,,France,771,00:00:10.745,Pressure,,55.2,77.2,,
,,,,,,,,,,,,,,,,,,,,0.706817,,,,,,,,,,,,,,,9d72b91f-4213-4df9-aea7-f7f8d8fafe25,1787,,"[57.2, 53.6]",3869685,45,,,,,,,,,,,,,,,,,,,,,,,2,From Kick Off,Aurélien Djani Tchouaméni,10481.0,Right Defensive Midfield,80,Argentina,779,['4c6c6c01-cdbc-43dc-9c23-1e4ef6705bdb'],31,,,,,,,,,,,,,,,,,France,771,00:00:31.365,Pressure,,57.2,53.6,,
,,,,,,,,,,,,,,,,,,,,0.450029,,,,,,,,,,,,,,,97c75d2e-2c15-44be-ae83-3a25cb4870c5,1791,,"[24.7, 54.1]",3869685,45,,,,,,,,,,,,,,,,,,,,,,,2,From Kick Off,Dayotchanculle Upamecano,8519.0,Left Center Back,80,Argentina,779,"['3f2e2ebf-1e7a-4da8-9bfa-76185cd6b093', '9c2c702d-51e5-4880-8ff8-ddcf491a66d0']",35,,,,,,,,,,,,,,,,,France,771,00:00:35.789,Pressure,,24.7,54.1,,
,,,,,,,,,,,,,,,,,,,,0.328162,,,,,,,,,,,,,,,9b9fb7ac-caeb-41ca-8946-2bd9035dd7bf,1857,,"[113.4, 18.3]",3869685,47,,,,,,,,,,,,,,,,,,,,,,,2,Regular Play,Marcus Thuram,2972.0,Left Wing,84,Argentina,779,['af03c5e5-1627-4199-9c9f-6f73975372b3'],24,,,,,,,,,,,,,,,,,France,771,00:02:24.228,Pressure,,113.4,18.3,,
,,,,,,,,,,,,,,,,,,,,0.584607,,,,,,,,,,,,,,,ebd65fa3-39fb-4d96-831c-a37859ad0742,1878,,"[39.6, 52.8]",3869685,48,,,,,,,,,,,,,,,,,,,,,,,2,From Throw In,Randal Kolo Muani,22097.0,Right Wing,86,Argentina,779,"['414e3177-941b-4a61-81c0-c604e369aecb', 'c3e80f02-6276-4c02-88df-3106783d9678']",27,,,,,,,,,,,,,,,,,France,771,00:03:27.345,Pressure,,39.6,52.8,,
,,,,,,,,,,,,,,,,,,,,0.452789,,,,,,,,,,,,,,,6ae11eaf-e4c5-4e7a-9e8d-4c795337a9bd,1885,,"[37.1, 67.1]",3869685,48,,,,,,,,,,,,,,,,,,,,,,,2,From Throw In,Jules Koundé,4445.0,Right Back,86,Argentina,779,"['406ad8d6-798a-4567-ba67-1c88ef6df835', '5e219045-e517-4d59-98be-dce6c54535a6']",32,,,,,,,,,,,,,,,,,France,771,00:03:32.745,Pressure,,37.1,67.1,,
,,,,,,,,,,,,,,,,,,,,0.440427,,,,,,,,,,,,,,,37db250d-8bad-4aac-9bf3-8445c2333bf2,1889,,"[39.0, 72.4]",3869685,48,,,,,,,,,,,,,,,,,,,,,,,2,From Throw In,Randal Kolo Muani,22097.0,Right Wing,86,Argentina,779,['5e219045-e517-4d59-98be-dce6c54535a6'],33,,,,,,,,,,,,,,,,,France,771,00:03:33.590,Pressure,,39.0,72.4,,
,,,,,,,,,,,,,,,,,,,,0.329573,,,,,,,,,,,,,,,e513a6ca-a723-413f-a043-d9e9104fde9a,1898,,"[44.8, 65.4]",3869685,48,,,,,,,,,,,,,,,,,,,,,,,2,From Throw In,Antoine Griezmann,5487.0,Center Attacking Midfield,86,Argentina,779,['f952c70a-4fa4-48ff-bb5a-9d903cb25693'],36,,,,,,,,,,,,,,,,,France,771,00:03:36.787,Pressure,,44.8,65.4,,
,,,,,,,,,,,,,,,,,,,,0.646607,,,,,,,,,,,,,,,d07e1a2b-3b4a-4434-af12-b87e08abe93f,1910,,"[39.7, 32.4]",3869685,48,,,,,,,,,,,,,,,,,,,,,,,2,From Throw In,Adrien Rabiot,3026.0,Left Defensive Midfield,86,Argentina,779,['b3c1fad5-fd50-4e0d-b8ba-184ad4aaf2bd'],44,,,,,,,,,,,,,,,,,France,771,00:03:44.605,Pressure,,39.7,32.4,,
,,,,,,,,,,,,,,True,,,,,,0.313371,,,,,,,,,,,,,,,63e52166-d86f-45a7-8cc5-32d013a8e914,1947,,"[114.3, 26.0]",3869685,49,,,,,,,,,,,,,,,,,,,,,,,2,Regular Play,Marcus Thuram,2972.0,Left Wing,92,France,771,['0610d73d-ae36-477b-a4a4-226676bca002'],19,,,,,,,,,,,,,,,,,France,771,00:04:19.187,Pressure,,114.3,26.0,,
,,,,,,,,,,,,,,,,,,,,0.317544,,,,,,,,,,,,,,,4fada882-6213-48f5-b23d-1d67fea9ddf0,1976,,"[40.5, 5.7]",3869685,50,,,,,,,,,,,,,,,,,,,,,,,2,From Throw In,Adrien Rabiot,3026.0,Left Defensive Midfield,94,Argentina,779,,11,,,,,,,,,,,,,,,,,France,771,00:05:11.811,Pressure,,40.5,5.7,,
,,,,,,,,,,,,,,,,,,,,0.325039,,,,,,,,,,,,,,,7af4e04b-db88-4445-9bb6-501cc31aad7c,1981,,"[54.6, 2.3]",3869685,50,,,,,,,,,,,,,,,,,,,,,,,2,From Throw In,Adrien Rabiot,3026.0,Left Defensive Midfield,94,Argentina,779,['1de2d029-e945-4926-bc92-2061259d55ae'],13,,,,,,,,,,,,,,,,,France,771,00:05:13.941,Pressure,,54.6,2.3,,
,,,,,,,,,,,,,,,,,,,,0.314127,,,,,,,,,,,,,,,2c77780c-da9d-4c51-b2fa-f9fa230d01b8,1990,,"[74.9, 69.7]",3869685,50,,,,,,,,,,,,,,,,,,,,,,,2,From Throw In,Randal Kolo Muani,22097.0,Right Wing,94,Argentina,779,['97d43191-354f-4df2-9add-a732cefe52c9'],23,,,,,,,,,,,,,,,,,France,771,00:05:23.868,Pressure,,74.9,69.7,,
,,,,,,,,,,,,,,,,,,,,0.327062,,,,,,,,,,,,,,,a5222dcd-6411-4a73-a06c-f19da16d7ca5,1992,,"[57.4, 64.3]",3869685,50,,,,,,,,,,,,,,,,,,,,,,,2,From Throw In,Aurélien Djani Tchouaméni,10481.0,Right Defensive Midfield,94,Argentina,779,,24,,,,,,,,,,,,,,,,,France,771,00:05:24.983,Pressure,,57.4,64.3,,
,,,,,,,,,,,,,,,,,,,,0.694559,,,,,,,,,,,,,,,10dcb7ff-f8f4-4df0-bee6-d93a59248ac6,2002,,"[64.9, 71.4]",3869685,50,,,,,,,,,,,,,,,,,,,,,,,2,From Throw In,Randal Kolo Muani,22097.0,Right Wing,94,Argentina,779,['02e368df-eeda-49cd-94de-e99e33e27a5e'],27,,,,,,,,,,,,,,,,,France,771,00:05:27.569,Pressure,,64.9,71.4,,
,,,,,,,,,,,,,,,,,,,,0.597825,,,,,,,,,,,,,,,3c239e02-0edf-4798-bee2-eb0d58ce3811,2024,,"[12.5, 14.9]",3869685,51,,,,,,,,,,,,,,,,,,,,,,,2,From Keeper,Theo Bernard François Hernández,6704.0,Left Back,96,Argentina,779,"['22bee96b-0b76-4697-9fa1-e46fc046c64c', '37d6ec46-a62b-4742-8d93-66b92fc2135e']",24,,,,,,,,,,,,,,,,,France,771,00:06:24.034,Pressure,,12.5,14.9,,
,,,,,,,,,,,,,,,,,,,,0.199384,,,,,,,,,,,,,,,e85e61bf-4d47-40b1-bb81-f1d102d73a44,2030,,"[12.5, 10.0]",3869685,51,,,,,,,,,,,,,,,,,,,,,,,2,From Throw In,Marcus Thuram,2972.0,Left Wing,97,Argentina,779,,56,,,,,,,,,,,,,,,,,France,771,00:06:56.336,Pressure,,12.5,10.0,,
,,,,,,,,,,,,,,,,,,,,0.33259,,,,,,,,,,,,,,,10844def-08c1-4f26-9127-fd2ecfa8320b,2035,,"[10.8, 6.4]",3869685,51,,,,,,,,,,,,,,,,,,,,,,,2,From Throw In,Marcus Thuram,2972.0,Left Wing,97,Argentina,779,['1e4d54a1-14a0-42c9-89f9-02a3929476d2'],57,,,,,,,,,,,,,,,,,France,771,00:06:57.664,Pressure,,10.8,6.4,,
,,,,,,,,,,,,,,,,,,,,0.971765,,,,,,,,,,,,,,,07367ca7-52c1-4283-b0cb-4b8c9e9447f3,2041,,"[7.3, 16.8]",3869685,53,,,,,,,,,,,,,,,,,,,,,,,2,From Throw In,Dayotchanculle Upamecano,8519.0,Left Center Back,99,Argentina,779,"['08ce2e9f-5140-49c5-b179-7928c2d54d8d', '0bdc8158-70fb-4eeb-8a7e-69044b718a96']",13,,,,,,,,,,,,,,,,,France,771,00:08:13.989,Pressure,,7.3,16.8,,
,,,,,,,,,,,,,,,,,,,,0.573895,,,,,,,,,,,,,,,af744999-2858-4e9d-8d82-303ab6ef5b84,2056,,"[46.5, 6.4]",3869685,53,,,,,,,,,,,,,,,,,,,,,,,2,From Throw In,Adrien Rabiot,3026.0,Left Defensive Midfield,99,Argentina,779,['262acf61-e1f1-45d2-8e88-454f7efd08bb'],27,,,,,,,,,,,,,,,,,France,771,00:08:27.462,Pressure,,46.5,6.4,,
,,,,,,,,,,,,,,True,,,,,,0.447716,,,,,,,,,,,,,,,43dc9153-535e-4164-8037-48eb1ca07e4a,2102,,"[92.3, 4.6]",3869685,54,,,,,,,,,,,,,,,,,,,,,,,2,Regular Play,Aurélien Djani Tchouaméni,10481.0,Right Defensive Midfield,101,Argentina,779,['be4e2e0c-c2f7-49e4-88fe-8392cd38885e'],9,,,,,,,,,,,,,,,,,France,771,00:09:09.963,Pressure,,92.3,4.6,,
,,,,,,,,,,,,,,,,,,,,0.706655,,,,,,,,,,,,,,,aeed2446-10a7-431f-b0b3-5d89c9ba1323,2106,,"[77.9, 8.3]",3869685,54,,,,,,,,,,,,,,,,,,,,,,,2,Regular Play,Adrien Rabiot,3026.0,Left Defensive Midfield,101,Argentina,779,"['307f22e6-9e43-4272-9ff4-df5e6d89f3bb', '9bb9d95d-d0e5-4ec9-a8e1-bd41d86ad716']",11,,,,,,,,,,,,,,,,,France,771,00:09:11.785,Pressure,,77.9,8.3,,
,,,,,,,,,,,,,,,,,,,,0.845908,,,,,,,,,,,,,,,2dad305a-9e42-4f07-8102-44de310d5e92,2113,,"[84.8, 13.2]",3869685,55,,,,,,,,,,,,,,,,,,,,,,,2,From Free Kick,Kylian Mbappé Lottin,3009.0,Center Forward,102,Argentina,779,['dc0f0b17-b043-41fb-afda-70641362d539'],56,,,,,,,,,,,,,,,,,France,771,00:10:56.661,Pressure,,84.8,13.2,,
,,,,,,,,,,,,,,,,,,,,0.195958,,,,,,,,,,,,,,,b60bab4b-7626-42bd-9de3-410882d00f2c,2115,,"[54.0, 40.8]",3869685,55,,,,,,,,,,,,,,,,,,,,,,,2,From Free Kick,Raphaël Varane,5485.0,Right Center Back,102,Argentina,779,,59,,,,,,,,,,,,,,,,,France,771,00:10:59.432,Pressure,,54.0,40.8,,
,,,,,,,,,,,,,,True,,,,,,0.825191,,,,,,,,,,,,,,,2468568f-5336-4482-af29-6d9afde6a482,2187,,"[56.5, 10.6]",3869685,57,,,,,,,,,,,,,,,,,,,,,,,2,Regular Play,Kylian Mbappé Lottin,3009.0,Center Forward,106,Argentina,779,"['9dd6b75f-9b4a-4398-9ac6-0a6c8148b92d', 'b7be469e-c061-4720-83a2-050fc58bedc2']",27,,,,,,,,,,,,,,,,,France,771,00:12:27.200,Pressure,,56.5,10.6,,
,,,,,,,,,,,,,,,,,,,,0.327798,,,,,,,,,,,,,,,669da45e-7dc5-4861-9b9c-78ce4db17fd8,2194,,"[54.2, 6.1]",3869685,58,,,,,,,,,,,,,,,,,,,,,,,2,From Free Kick,Marcus Thuram,2972.0,Left Wing,107,Argentina,779,['f7903d45-f1f9-42af-831b-136f0ce0afc6'],10,,,,,,,,,,,,,,,,,France,771,00:13:10.292,Pressure,,54.2,6.1,,
,,,,,,,,,,,,,,,,,,,,1.407995,,,,,,,,,,,,,,,8feb27a6-5cb1-4580-9428-9e0f3b9d32f3,2230,,"[14.4, 56.6]",3869685,59,,,,,,,,,,,,,,,,,,,,,,,2,Regular Play,Jules Koundé,4445.0,Right Back,116,Argentina,779,['82d94077-e4ec-4943-b5ca-bef7f3d51d61'],45,,,,,,,,,,,,,,,,,France,771,00:14:45.787,Pressure,,14.4,56.6,,
,,,,,,,,,,,,,,,,,,,,0.437436,,,,,,,,,,,,,,,1108add5-ad29-4960-95e9-4200e94af484,2234,,"[11.6, 32.7]",3869685,59,,,,,,,,,,,,,,,,,,,,,,,2,Regular Play,Adrien Rabiot,3026.0,Left Defensive Midfield,116,Argentina,779,['4d64d991-1004-47c9-92e9-4ff2ecdd876a'],51,,,,,,,,,,,,,,,,,France,771,00:14:51.263,Pressure,,11.6,32.7,,
,,,,,,,,,,,,,,,,,,,,0.331847,,,,,,,,,,,,,,,c6f6407f-7358-4954-a9ae-1adebe4aa2c9,2363,,"[62.9, 55.8]",3869685,64,,,,,,,,,,,,,,,,,,,,,,,2,From Goal Kick,Marcus Thuram,2972.0,Center Forward,125,Argentina,779,,13,,,,,,,,,,,,,,,,,France,771,00:19:13.747,Pressure,,62.9,55.8,,
,,,,,,,,,,,,,,,,,,,,0.3341,,,,,,,,,,,,,,,4ccff363-1d01-42ae-a3e1-2786d23684ab,2372,,"[79.4, 50.0]",3869685,64,,,,,,,,,,,,,,,,,,,,,,,2,From Goal Kick,Marcus Thuram,2972.0,Center Forward,125,Argentina,779,['ac78b004-f2f8-4b8f-b0e5-9d4b86f23fe8'],18,,,,,,,,,,,,,,,,,France,771,00:19:18.276,Pressure,,79.4,50.0,,
,,,,,,,,,,,,,,,,,,,,0.331584,,,,,,,,,,,,,,,8e76ac3c-63f1-4ede-a0c3-d240d69320d9,2379,,"[74.3, 73.1]",3869685,64,,,,,,,,,,,,,,,,,,,,,,,2,From Goal Kick,Randal Kolo Muani,22097.0,Right Wing,125,Argentina,779,['1a324f96-49c7-4ebb-8801-99a2213f55d0'],21,,,,,,,,,,,,,,,,,France,771,00:19:21.603,Pressure,,74.3,73.1,,
,,,,,,,,,,,,,,,,,,,,0.602211,,,,,,,,,,,,,,,ee2c6d11-ef85-4522-98f0-e1bee3602105,2391,,"[38.1, 62.4]",3869685,64,,,,,,,,,,,,,,,,,,,,,,,2,From Goal Kick,Antoine Griezmann,5487.0,Center Attacking Midfield,125,Argentina,779,['729049c6-cd94-4981-83f3-145a844035a9'],31,,,,,,,,,,,,,,,,,France,771,00:19:31.195,Pressure,,38.1,62.4,,
,,,,,,,,,,,,,,True,,,,,,0.460954,,,,,,,,,,,,,,,d301d9e7-56ed-46a8-b06e-9d001bc930fb,2460,,"[104.7, 74.4]",3869685,66,,,,,,,,,,,,,,,,,,,,,,,2,Regular Play,Randal Kolo Muani,22097.0,Right Wing,129,Argentina,779,"['25dbf9c2-5a3b-42ef-be0b-60b82c3c74f4', '55c05fcd-0fcd-4919-a8d6-42441de552a2']",10,,,,,,,,,,,,,,,,,France,771,00:21:10.928,Pressure,,104.7,74.4,,
,,,,,,,,,,,,,,True,,,,,,0.612241,,,,,,,,,,,,,,,82281677-e782-46b6-9923-024138edbdc0,2463,,"[104.2, 74.4]",3869685,66,,,,,,,,,,,,,,,,,,,,,,,2,Regular Play,Randal Kolo Muani,22097.0,Right Wing,129,Argentina,779,"['40d8fab4-bab8-40b0-b905-ed1a9d36ab22', '7a2cde76-4dd7-453f-87e6-511c0cb59ba8']",12,,,,,,,,,,,,,,,,,France,771,00:21:12.687,Pressure,,104.2,74.4,,
,,,,,,,,,,,,,,,,,,,,0.330265,,,,,,,,,,,,,,,feb48146-0985-401a-b2e3-ef720819a01e,2470,,"[114.5, 64.5]",3869685,66,,,,,,,,,,,,,,,,,,,,,,,2,Regular Play,Marcus Thuram,2972.0,Center Forward,129,Argentina,779,['b84a475c-56cc-407b-a2c4-b7e566210f19'],16,,,,,,,,,,,,,,,,,France,771,00:21:16.521,Pressure,,114.5,64.5,,
,,,,,,,,,,,,,,,,,,,,0.321454,,,,,,,,,,,,,,,e353eaf6-7d8b-4d99-b916-313a8013761a,2534,,"[73.0, 8.1]",3869685,68,,,,,,,,,,,,,,,,,,,,,,,2,Regular Play,Antoine Griezmann,5487.0,Center Attacking Midfield,133,France,771,['90f9ceb3-bcd6-483b-8bda-f911a5545227'],16,,,,,,,,,,,,,,,,,France,771,00:23:16.071,Pressure,,73.0,8.1,,
,,,,,,,,,,,,,,,,,,,,0.587252,,,,,,,,,,,,,,,3931f5b2-ed21-47e0-92b7-3b9c2aa91426,2547,,"[67.4, 26.0]",3869685,68,,,,,,,,,,,,,,,,,,,,,,,2,Regular Play,Marcus Thuram,2972.0,Center Forward,134,Argentina,779,"['7153e27b-0c25-4580-984d-fa36adda0007', 'd56bc78d-3ec4-40ff-903a-c750e44914da']",27,,,,,,,,,,,,,,,,,France,771,00:23:27.104,Pressure,,67.4,26.0,,
,,,,,,,,,,,,,,,,,,,,0.578316,,,,,,,,,,,,,,,4413cb49-58f0-495e-9871-a7ab2d1744c8,2556,,"[68.9, 60.9]",3869685,68,,,,,,,,,,,,,,,,,,,,,,,2,Regular Play,Randal Kolo Muani,22097.0,Right Wing,134,Argentina,779,['b41d4180-23ea-4077-8efb-02ab1d8ea7f2'],32,,,,,,,,,,,,,,,,,France,771,00:23:32.237,Pressure,,68.9,60.9,,
,,,,,,,,,,,,,,,,,,,,0.865565,,,,,,,,,,,,,,,99cb791c-245f-4e67-9845-ed750c79c376,2605,,"[105.1, 5.7]",3869685,69,,,,,,,,,,,,,,,,,,,,,,,2,From Free Kick,Aurélien Djani Tchouaméni,10481.0,Right Defensive Midfield,136,France,771,"['66eeb7ca-a99b-40f5-b5c4-1925874b268a', 'ec85616d-c95d-4458-94b1-be7cd0268ed4']",14,,,,,,,,,,,,,,,,,France,771,00:24:14.469,Pressure,,105.1,5.7,,
,,,,,,,,,,,,,,True,,,,,,1.747876,,,,,,,,,,,,,,,59497159-407f-400f-8f54-d346b3ba5175,2608,,"[105.1, 5.7]",3869685,69,,,,,,,,,,,,,,,,,,,,,,,2,From Free Kick,Theo Bernard François Hernández,6704.0,Left Back,136,France,771,['66eeb7ca-a99b-40f5-b5c4-1925874b268a'],16,,,,,,,,,,,,,,,,,France,771,00:24:16.672,Pressure,,105.1,5.7,,
,,,,,,,,,,,,,,True,,,,,,0.709333,,,,,,,,,,,,,,,43a86d67-afbf-4ce4-9786-6b5197df6412,2612,,"[89.9, 8.1]",3869685,69,,,,,,,,,,,,,,,,,,,,,,,2,From Free Kick,Aurélien Djani Tchouaméni,10481.0,Right Defensive Midfield,136,France,771,['1f30f58f-4bce-43d4-a144-6e04faf2462f'],21,,,,,,,,,,,,,,,,,France,771,00:24:21.002,Pressure,,89.9,8.1,,
,,,,,,,,,,,,,,,,,,,,0.454143,,,,,,,,,,,,,,,86537166-f126-4ca3-8e21-366123229f86,2673,,"[48.6, 68.2]",3869685,71,,,,,,,,,,,,,,,,,,,,,,,2,From Goal Kick,Kingsley Coman,8217.0,Center Attacking Midfield,139,Argentina,779,['eedabd05-dd30-4336-be21-5a81235b197c'],7,,,,,,,,,,,,,,,,,France,771,00:26:07.316,Pressure,,48.6,68.2,,
,,,,,,,,,,,,,,,,,,,,1.236066,,,,,,,,,,,,,,,36c1e71b-f60a-400a-ae57-6ece8b963e29,2681,,"[9.9, 63.0]",3869685,71,,,,,,,,,,,,,,,,,,,,,,,2,From Goal Kick,Aurélien Djani Tchouaméni,10481.0,Right Defensive Midfield,139,Argentina,779,"['166e1232-0664-4d1f-a850-4ac455a7a7e8', '95184d3b-d9a5-4a8f-9174-9660404f5b34']",14,,,,,,,,,,,,,,,,,France,771,00:26:14.429,Pressure,,9.9,63.0,,
,,,,,,,,,,,,,,,,,,,,2.786505,,,,,,,,,,,,,,,c9d28dac-97b7-4830-992a-b22e855464a8,2684,,"[12.5, 68.8]",3869685,71,,,,,,,,,,,,,,,,,,,,,,,2,From Goal Kick,Kingsley Coman,8217.0,Center Attacking Midfield,139,Argentina,779,['95184d3b-d9a5-4a8f-9174-9660404f5b34'],17,,,,,,,,,,,,,,,,,France,771,00:26:17.844,Pressure,,12.5,68.8,,
,,,,,,,,,,,,,,,,,,,,0.335079,,,,,,,,,,,,,,,8d3d3fee-60c8-4c45-bb23-0c44016168b6,2777,,"[82.2, 5.7]",3869685,74,,,,,,,,,,,,,,,,,,,,,,,2,From Free Kick,Kylian Mbappé Lottin,3009.0,Left Center Forward,155,Argentina,779,,21,,,,,,,,,,,,,,,,,France,771,00:29:21.128,Pressure,,82.2,5.7,,
,,,,,,,,,,,,,,,,,,,,6.731079,,,,,,,,,,,,,,,204dcf59-4c7d-4978-9819-1bec2202cbd4,2787,,"[33.6, 14.5]",3869685,74,,,,,,,,,,,,,,,,,,,,,,,2,From Free Kick,Dayotchanculle Upamecano,8519.0,Left Center Back,155,Argentina,779,"['14a7997a-46de-418e-8c5e-af98d398403f', 'e34772ea-b067-47fc-9b4e-9ca83f96b791']",31,,,,,,,,,,,,,,,,,France,771,00:29:31.788,Pressure,,33.6,14.5,,
,,,,,,,,,,,,,,,,,,,,0.693252,,,,,,,,,,,,,,,500cc8ec-2868-4d68-8ec5-df03977c2f9d,2793,,"[18.0, 5.3]",3869685,74,,,,,,,,,,,,,,,,,,,,,,,2,From Free Kick,Eduardo Camavinga,24778.0,Left Back,155,Argentina,779,['90bc2ea3-402a-43f0-a26e-31df1804d2fb'],40,,,,,,,,,,,,,,,,,France,771,00:29:40.439,Pressure,,18.0,5.3,,
,,,,,,,,,,,,,,,,,,,,0.471012,,,,,,,,,,,,,,,ac628ef1-9155-4680-9d45-9495203defb6,2818,,"[66.6, 57.7]",3869685,75,,,,,,,,,,,,,,,,,,,,,,,2,From Throw In,Randal Kolo Muani,22097.0,Right Center Forward,157,Argentina,779,['db3080c3-8306-494c-8764-c519c85b962b'],44,,,,,,,,,,,,,,,,,France,771,00:30:44.245,Pressure,,66.6,57.7,,
,,,,,,,,,,,,,,,,,,,,2.173632,,,,,,,,,,,,,,,3c00d09b-6649-4963-821f-66418265ea9d,2836,,"[41.1, 7.4]",3869685,76,,,,,,,,,,,,,,,,,,,,,,,2,Regular Play,Eduardo Camavinga,24778.0,Left Back,159,Argentina,779,['429b22bc-121f-4a7e-842d-3625df3d78c0'],8,,,,,,,,,,,,,,,,,France,771,00:31:08.384,Pressure,,41.1,7.4,,
,,,,,,,,,,,,,,,,,,,,0.709408,,,,,,,,,,,,,,,10737a9a-3f30-4222-a9bf-ec545826c5eb,2850,,"[22.3, 5.3]",3869685,76,,,,,,,,,,,,,,,,,,,,,,,2,From Free Kick,Marcus Thuram,2972.0,Left Midfield,160,Argentina,779,['0ab3e60e-9526-4809-8c7a-eac17cba4b66'],51,,,,,,,,,,,,,,,,,France,771,00:31:51.045,Pressure,,22.3,5.3,,
,,,,,,,,,,,,,,,,,,,,0.991632,,,,,,,,,,,,,,,01f28c7c-955b-4f93-9ebb-c2cb8569b4ec,2863,,"[11.4, 21.3]",3869685,77,,,,,,,,,,,,,,,,,,,,,,,2,From Free Kick,Dayotchanculle Upamecano,8519.0,Left Center Back,160,Argentina,779,['d109d49f-edfc-4987-9f97-4c04182ab449'],1,,,,,,,,,,,,,,,,,France,771,00:32:01.777,Pressure,,11.4,21.3,,
,,,,,,,,,,,,,,,,,,,,0.327142,,,,,,,,,,,,,,,ca393fbf-0b65-41cb-ad30-2afbc89cc952,2871,,"[66.6, 62.0]",3869685,77,,,,,,,,,,,,,,,,,,,,,,,2,From Free Kick,Kingsley Coman,8217.0,Right Midfield,160,Argentina,779,['a4d3523e-71ad-4471-b565-a738e116ee3e'],16,,,,,,,,,,,,,,,,,France,771,00:32:16.011,Pressure,,66.6,62.0,,
,,,,,,,,,,,,,,,,,,,,0.205643,,,,,,,,,,,,,,,e669e78f-0894-421c-85b3-23d8d3b0de20,2873,,"[61.9, 68.4]",3869685,77,,,,,,,,,,,,,,,,,,,,,,,2,From Free Kick,Jules Koundé,4445.0,Right Back,160,Argentina,779,,16,,,,,,,,,,,,,,,,,France,771,00:32:16.652,Pressure,,61.9,68.4,,
,,,,,,,,,,,,,,,,,,,,1.870058,,,,,,,,,,,,,,,979b2cd4-8aab-421b-b8d5-4f331eda6431,2878,,"[66.6, 44.6]",3869685,77,,,,,,,,,,,,,,,,,,,,,,,2,From Free Kick,Marcus Thuram,2972.0,Left Midfield,160,Argentina,779,['35a2339a-25b1-456f-96a4-fce8f7ba5adf'],18,,,,,,,,,,,,,,,,,France,771,00:32:18.150,Pressure,,66.6,44.6,,
,,,,,,,,,,,,,,,,,,,,0.84145,,,,,,,,,,,,,,,3194a2f4-1ec7-48b3-a7c6-233095e98166,2896,,"[61.0, 10.6]",3869685,77,,,,,,,,,,,,,,,,,,,,,,,2,From Free Kick,Marcus Thuram,2972.0,Left Midfield,160,Argentina,779,"['40000838-c219-4fdf-b597-8d8a200c92b7', '50266220-bd9e-473d-b97b-99c1319bfb2c']",36,,,,,,,,,,,,,,,,,France,771,00:32:36.828,Pressure,,61.0,10.6,,
,,,,,,,,,,,,,,,,,,,,0.694632,,,,,,,,,,,,,,,2ed031e5-c675-4df5-8b1e-5ecf3836d5f4,2900,,"[47.1, 4.4]",3869685,77,,,,,,,,,,,,,,,,,,,,,,,2,From Free Kick,Dayotchanculle Upamecano,8519.0,Left Center Back,160,Argentina,779,"['1a13e117-ea7f-4c30-9154-e213304a96c5', 'a3f5b67e-e6f9-4341-be02-ae9747c11a0a']",37,,,,,,,,,,,,,,,,,France,771,00:32:37.939,Pressure,,47.1,4.4,,
,,,,,,,,,,,,,,,,,,,,0.580932,,,,,,,,,,,,,,,a449bb96-08fb-4047-8da1-c44fba236f82,2911,,"[46.9, 14.3]",3869685,78,,,,,,,,,,,,,,,,,,,,,,,2,From Throw In,Adrien Rabiot,3026.0,Left Defensive Midfield,161,Argentina,779,['67b3dd31-d7cb-4037-8250-881df0eb6e51'],1,,,,,,,,,,,,,,,,,France,771,00:33:01.783,Pressure,,46.9,14.3,,
,,,,,,,,,,,,,,,,,,,,1.619839,,,,,,,,,,,,,,,f9d147d0-59e3-474f-8399-12a7b13cbfc5,2915,,"[50.1, 4.9]",3869685,78,,,,,,,,,,,,,,,,,,,,,,,2,From Throw In,Adrien Rabiot,3026.0,Left Defensive Midfield,161,Argentina,779,"['d9e63ebd-62f0-43e4-a2fb-be9fffd39c39', 'f7076680-454c-4d8f-af9c-b30d3b1bebeb']",3,,,,,,,,,,,,,,,,,France,771,00:33:03.831,Pressure,,50.1,4.9,,
,,,,,,,,,,,,,,,,,,,,0.436142,,,,,,,,,,,,,,,d1cc56a6-de49-4b7c-9773-7770b1731635,2934,,"[74.1, 11.7]",3869685,79,,,,,,,,,,,,,,,,,,,,,,,2,From Kick Off,Marcus Thuram,2972.0,Left Midfield,164,Argentina,779,['2cf4735c-9747-4e95-9b8a-c5114f1eedc2'],54,,,,,,,,,,,,,,,,,France,771,00:34:54.391,Pressure,,74.1,11.7,,
,,,,,,,,,,,,,,,,,,,,0.467816,,,,,,,,,,,,,,,5ca9a401-af31-48fa-b9eb-bef9489406e5,2941,,"[94.4, 50.0]",3869685,79,,,,,,,,,,,,,,,,,,,,,,,2,From Kick Off,Randal Kolo Muani,22097.0,Right Center Forward,164,Argentina,779,"['02362048-025f-4708-9bef-117c646c0176', '836c6117-c205-4202-8ae9-7cf8eb258c73']",58,,,,,,,,,,,,,,,,,France,771,00:34:58.842,Pressure,,94.4,50.0,,
,,,,,,,,,,,,,,,,,,,,0.221068,,,,,,,,,,,,,,,a1bc335e-9dea-4d5b-b141-c6031abf576d,2968,,"[73.6, 29.7]",3869685,80,,,,,,,,,,,,,,,,,,,,,,,2,From Throw In,Adrien Rabiot,3026.0,Left Defensive Midfield,165,France,771,,40,,,,,,,,,,,,,,,,,France,771,00:35:40.245,Pressure,,73.6,29.7,,
,,,,,,,,,,,,,,,,,,,,0.587688,,,,,,,,,,,,,,,f3c56d1f-a9cf-428c-9281-b1ccb73d99fd,2972,,"[66.4, 46.8]",3869685,80,,,,,,,,,,,,,,,,,,,,,,,2,From Throw In,Kingsley Coman,8217.0,Right Midfield,165,France,771,['9db27d61-9cc7-4c88-b814-f81a04f87f62'],45,,,,,,,,,,,,,,,,,France,771,00:35:45.890,Pressure,,66.4,46.8,,
,,,,,,,,,,,,,,,,,,,,0.325467,,,,,,,,,,,,,,,96f68ec0-e0d9-404e-bf63-fd6081879a70,2998,,"[79.6, 36.7]",3869685,82,,,,,,,,,,,,,,,,,,,,,,,2,From Kick Off,Randal Kolo Muani,22097.0,Right Center Forward,166,Argentina,779,"['93c52deb-bdde-4358-bf50-e92e1dfffa21', 'b34ca0d5-9591-45c1-baa8-a176c44852ae']",33,,,,,,,,,,,,,,,,,France,771,00:37:33.969,Pressure,,79.6,36.7,,
,,,,,,,,,,,,,,,,,,,,1.629179,,,,,,,,,,,,,,,3d0fb402-c6d8-4d63-8c15-9bda5a7ecb19,3009,,"[7.8, 68.4]",3869685,82,,,,,,,,,,,,,,,,,,,,,,,2,From Throw In,Raphaël Varane,5485.0,Right Center Back,167,Argentina,779,"['266bcf52-430f-4cde-9568-582b0c348cb9', '4c514fbe-f813-4c91-afec-0175da7b10aa']",59,,,,,,,,,,,,,,,,,France,771,00:37:59.768,Pressure,,7.8,68.4,,
,,,,,,,,,,,,,,,,,,,,0.973769,,,,,,,,,,,,,,,5a98b89b-26c5-41c6-bc8c-cab612f35352,3018,,"[22.1, 67.1]",3869685,83,,,,,,,,,,,,,,,,,,,,,,,2,From Throw In,Raphaël Varane,5485.0,Right Center Back,167,Argentina,779,['147ecefb-d597-45a0-a0d3-c02961111cbb'],4,,,,,,,,,,,,,,,,,France,771,00:38:04.880,Pressure,,22.1,67.1,,
,,,,,,,,,,,,,,,,,,,,1.638965,,,,,,,,,,,,,,,29458207-9cd4-4242-8c0d-2352271981f7,3033,,"[6.0, 68.6]",3869685,83,,,,,,,,,,,,,,,,,,,,,,,2,From Throw In,Kingsley Coman,8217.0,Right Midfield,167,Argentina,779,['e19d71b6-ec29-4c5c-a63d-7d6f344920e6'],18,,,,,,,,,,,,,,,,,France,771,00:38:18.925,Pressure,,6.0,68.6,,
,,,,,,,,,,,,,,,,,,,,0.462105,,,,,,,,,,,,,,,e0fd3253-46a1-4edb-bea2-6d0997da5232,3047,,"[45.8, 32.2]",3869685,83,,,,,,,,,,,,,,,,,,,,,,,2,From Throw In,Randal Kolo Muani,22097.0,Right Center Forward,167,Argentina,779,['ce6d8735-5ad3-4a5b-981a-6e93fedc495f'],32,,,,,,,,,,,,,,,,,France,771,00:38:32.883,Pressure,,45.8,32.2,,
,,,,,,,,,,,,,,,,,,,,0.321496,,,,,,,,,,,,,,,125f6e54-ff79-407b-a8a7-850ce3b0f8af,3049,,"[40.3, 25.6]",3869685,83,,,,,,,,,,,,,,,,,,,,,,,2,From Throw In,Randal Kolo Muani,22097.0,Right Center Forward,167,Argentina,779,"['04ca5c23-4aef-496c-b35f-8c5c9dcc47b2', 'f8907a01-d5ef-4bb2-9263-16470736d749']",33,,,,,,,,,,,,,,,,,France,771,00:38:33.777,Pressure,,40.3,25.6,,
,,,,,,,,,,,,,,,,,,,,0.829071,,,,,,,,,,,,,,,c9a59a9f-3315-4eeb-b04e-bc93ba4447ab,3071,,"[46.3, 16.2]",3869685,83,,,,,,,,,,,,,,,,,,,,,,,2,Regular Play,Eduardo Camavinga,24778.0,Left Back,169,Argentina,779,"['4f074f93-95b5-4708-af86-d80cf237af6d', 'cd8c7a57-8640-46b2-8bea-e5dada237d09']",51,,,,,,,,,,,,,,,,,France,771,00:38:51.697,Pressure,,46.3,16.2,,
,,,,,,,,,,,,,,True,,,,,,0.330487,,,,,,,,,,,,,,,3650a05c-7133-4776-8fbe-34d48d7d7896,3207,,"[58.9, 53.2]",3869685,90,,,,,,,,,,,,,,,,,,,,,,,2,Regular Play,Aurélien Djani Tchouaméni,10481.0,Right Defensive Midfield,177,Argentina,779,['220c19b0-b833-4557-bba2-ba3057531812'],17,,,,,,,,,,,,,,,,,France,771,00:45:17.441,Pressure,,58.9,53.2,,
,,,,,,,,,,,,,,,,,,,,0.441579,,,,,,,,,,,,,,,2ef8e0cd-f079-4d59-ab9a-c2728963c616,3214,,"[60.2, 35.9]",3869685,90,,,,,,,,,,,,,,,,,,,,,,,2,From Free Kick,Randal Kolo Muani,22097.0,Right Center Forward,178,Argentina,779,,51,,,,,,,,,,,,,,,,,France,771,00:45:51.602,Pressure,,60.2,35.9,,
,,,,,,,,,,,,,,True,,,,,,0.45512,,,,,,,,,,,,,,,08c48016-5a93-4fd5-a308-5f7e26d6e6ac,3235,,"[96.5, 50.6]",3869685,92,,,,,,,,,,,,,,,,,,,,,,,2,Regular Play,Kingsley Coman,8217.0,Right Midfield,181,Argentina,779,['b3483c90-ec48-440d-b980-d9f5e09135c4'],20,,,,,,,,,,,,,,,,,France,771,00:47:20.229,Pressure,,96.5,50.6,,
,,,,,,,,,,,,,,True,,,,,,0.327489,,,,,,,,,,,,,,,96489d7e-5d4a-469c-b047-cf800481677c,3237,,"[97.8, 65.4]",3869685,92,,,,,,,,,,,,,,,,,,,,,,,2,Regular Play,Kingsley Coman,8217.0,Right Midfield,181,Argentina,779,,21,,,,,,,,,,,,,,,,,France,771,00:47:21.892,Pressure,,97.8,65.4,,
,,,,,,,,,,,,,,,,,,,,0.444914,,,,,,,,,,,,,,,77c6f6ed-2ca4-476a-af65-6ca6a97e5adb,3247,,"[92.7, 21.5]",3869685,92,,,,,,,,,,,,,,,,,,,,,,,2,From Throw In,Kylian Mbappé Lottin,3009.0,Left Center Forward,182,Argentina,779,['88656015-bedf-4101-847a-989995f271f1'],47,,,,,,,,,,,,,,,,,France,771,00:47:47.031,Pressure,,92.7,21.5,,
,,,,,,,,,,,,,,,,,,,,1.128358,,,,,,,,,,,,,,,f271b763-e907-4c79-ae0a-c30a3bd006de,3249,,"[55.5, 5.7]",3869685,92,,,,,,,,,,,,,,,,,,,,,,,2,From Throw In,Eduardo Camavinga,24778.0,Left Back,182,Argentina,779,"['b2ed5d44-d6c0-4059-960e-c30942398e04', 'fefd0de0-52e7-4b8d-b13d-6e00c88d46d9']",48,,,,,,,,,,,,,,,,,France,771,00:47:48.973,Pressure,,55.5,5.7,,
,,,,,,,,,,,,,,True,,,,,,0.448166,,,,,,,,,,,,,,,a1a56535-fff6-4c4f-8c74-47cbb0a12f1f,3286,,"[116.0, 36.1]",3869685,93,,,,,,,,,,,,,,,,,,,,,,,2,Regular Play,Randal Kolo Muani,22097.0,Right Center Forward,185,Argentina,779,,46,,,,,,,,,,,,,,,,,France,771,00:48:46.779,Pressure,,116.0,36.1,,
,,,,,,,,,,,,,,,,,,,,0.327835,,,,,,,,,,,,,,,64198074-cb08-40ce-9f2f-8f4419947208,3293,,"[68.1, 16.0]",3869685,94,,,,,,,,,,,,,,,,,,,,,,,2,Regular Play,Eduardo Camavinga,24778.0,Left Back,185,Argentina,779,['9bac5361-3b7c-4c4b-9228-879992a08df6'],4,,,,,,,,,,,,,,,,,France,771,00:49:04.684,Pressure,,68.1,16.0,,
,,,,,,,,,,,,,,,,,,,,0.953127,,,,,,,,,,,,,,,62b37a02-8750-45c7-a91f-8e0125805835,3300,,"[51.8, 4.9]",3869685,94,,,,,,,,,,,,,,,,,,,,,,,2,Regular Play,Eduardo Camavinga,24778.0,Left Back,185,Argentina,779,['ea41de8c-2497-4246-a6c9-4f03018d7841'],8,,,,,,,,,,,,,,,,,France,771,00:49:08.998,Pressure,,51.8,4.9,,
,,,,,,,,,,,,,,,,,,,,0.983934,,,,,,,,,,,,,,,25f1b0e3-d0b3-4179-8326-514946994c0e,3305,,"[21.0, 14.5]",3869685,94,,,,,,,,,,,,,,,,,,,,,,,2,From Throw In,Adrien Rabiot,3026.0,Left Defensive Midfield,186,Argentina,779,"['12d44337-a4a0-4b25-96b9-d5c5d5bba9ad', '92f2f86c-d64d-4629-88ef-75ec62072dc0']",55,,,,,,,,,,,,,,,,,France,771,00:49:55.539,Pressure,,21.0,14.5,,
,,,,,,,,,,,,,,,,,,,,0.474146,,,,,,,,,,,,,,,db7497b2-40c2-4908-84f7-0ee989c019a9,3333,,"[112.4, 21.3]",3869685,95,,,,,,,,,,,,,,,,,,,,,,,2,Regular Play,Randal Kolo Muani,22097.0,Right Center Forward,187,France,771,,12,,,,,,,,,,,,,,,,,France,771,00:50:12.299,Pressure,,112.4,21.3,,
,,,,,,,,,,,,,,,,,,,,0.980381,,,,,,,,,,,,,,,1360668b-cd29-4114-92ef-ad46d39acce7,3345,,"[46.0, 15.8]",3869685,95,,,,,,,,,,,,,,,,,,,,,,,2,Regular Play,Adrien Rabiot,3026.0,Left Defensive Midfield,188,Argentina,779,['af7093b1-603d-4907-8258-8665586f5766'],28,,,,,,,,,,,,,,,,,France,771,00:50:28.734,Pressure,,46.0,15.8,,
,,,,,,,,,,,,,,True,,,,,,0.448941,,,,,,,,,,,,,,,6f72c5a5-ac2f-48db-9ef6-61e7677d225b,3418,,"[95.2, 50.4]",3869685,98,,,,,,,,,,,,,,,,,,,,,,,2,Regular Play,Adrien Rabiot,3026.0,Left Defensive Midfield,195,Argentina,779,,15,,,,,,,,,,,,,,,,,France,771,00:53:15.630,Pressure,,95.2,50.4,,
,,,,,,,,,,,,,,True,,,,,,1.103028,,,,,,,,,,,,,,,2954c99b-d873-4181-8b8a-b282dd4bef3f,3424,,"[85.6, 49.8]",3869685,98,,,,,,,,,,,,,,,,,,,,,,,2,Regular Play,Raphaël Varane,5485.0,Right Center Back,195,Argentina,779,['381fde39-d8d2-4d61-9341-8e8c27eb7660'],17,,,,,,,,,,,,,,,,,France,771,00:53:17.436,Pressure,,85.6,49.8,,
,,,,,,,,,,,,,,True,,,,,,0.190846,,,,,,,,,,,,,,,7a811762-d345-4f08-bc2f-ddecdf6e584a,3463,,"[82.2, 62.6]",3869685,90,,,,,,,,,,,,,,,,,,,,,,,3,Regular Play,Randal Kolo Muani,22097.0,Right Center Forward,198,Argentina,779,,18,,,,,,,,,,,,,,,,,France,771,00:00:18.804,Pressure,,82.2,62.6,,
,,,,,,,,,,,,,,,,,,,,1.088275,,,,,,,,,,,,,,,fc5cad64-fd22-48e5-8fec-1691bdffb04a,3474,,"[73.2, 64.1]",3869685,90,,,,,,,,,,,,,,,,,,,,,,,3,Regular Play,Kingsley Coman,8217.0,Right Midfield,198,Argentina,779,['e5cfb7c8-7b40-4f05-a6e8-c69827630bcf'],24,,,,,,,,,,,,,,,,,France,771,00:00:24.720,Pressure,,73.2,64.1,,
,,,,,,,,,,,,,,,,,,,,0.318608,,,,,,,,,,,,,,,9933fa48-792b-4a0f-b360-71d5dd45a370,3483,,"[69.6, 37.2]",3869685,90,,,,,,,,,,,,,,,,,,,,,,,3,Regular Play,Adrien Rabiot,3026.0,Left Defensive Midfield,198,Argentina,779,,35,,,,,,,,,,,,,,,,,France,771,00:00:35.555,Pressure,,69.6,37.2,,
,,,,,,,,,,,,,,,,,,,,0.330679,,,,,,,,,,,,,,,4748b09b-9fc7-49ef-8850-d1557d091e65,3499,,"[46.0, 8.1]",3869685,91,,,,,,,,,,,,,,,,,,,,,,,3,From Free Kick,Marcus Thuram,2972.0,Left Midfield,199,Argentina,779,['7bbc0cd8-e875-4ab6-ba2a-33080e7e9ee5'],16,,,,,,,,,,,,,,,,,France,771,00:01:16.270,Pressure,,46.0,8.1,,
,,,,,,,,,,,,,,,,,,,,1.380173,,,,,,,,,,,,,,,f6d4c342-c021-4e83-b90c-a298acce2bcb,3516,,"[28.7, 7.4]",3869685,91,,,,,,,,,,,,,,,,,,,,,,,3,From Free Kick,Eduardo Camavinga,24778.0,Left Back,200,Argentina,779,['6671d69c-6c9c-49d8-b6b1-77f3fe47bc65'],52,,,,,,,,,,,,,,,,,France,771,00:01:52.472,Pressure,,28.7,7.4,,
,,,,,,,,,,,,,,True,,,,,,0.442602,,,,,,,,,,,,,,,8837fb65-82d8-4861-8b00-408d52054130,3534,,"[69.1, 72.5]",3869685,92,,,,,,,,,,,,,,,,,,,,,,,3,Regular Play,Jules Koundé,4445.0,Right Back,202,Argentina,779,,40,,,,,,,,,,,,,,,,,France,771,00:02:40.230,Pressure,,69.1,72.5,,
,,,,,,,,,,,,,,,,,,,,0.589504,,,,,,,,,,,,,,,92506daa-3b43-402d-96d3-2f1f1f5a3b85,3545,,"[22.7, 25.0]",3869685,92,,,,,,,,,,,,,,,,,,,,,,,3,Regular Play,Eduardo Camavinga,24778.0,Left Back,202,Argentina,779,['e5629a1b-2611-4d98-9e6f-4bfd68478549'],49,,,,,,,,,,,,,,,,,France,771,00:02:49.612,Pressure,,22.7,25.0,,
,,,,,,,,,,,,,,True,,,,,,1.086921,,,,,,,,,,,,,,,30cc6f6b-7ac6-430d-b679-01322c3b9bc3,3608,,"[82.4, 32.9]",3869685,94,,,,,,,,,,,,,,,,,,,,,,,3,From Free Kick,Randal Kolo Muani,22097.0,Right Center Forward,204,France,771,"['b75ac262-5179-4de7-a226-99cbdb2e002e', 'be0da6a0-12e7-424f-adbd-f5c2ea63070d']",10,,,,,,,,,,,,,,,,,France,771,00:04:10.903,Pressure,,82.4,32.9,,
,,,,,,,,,,,,,,,,,,,,0.584315,,,,,,,,,,,,,,,91020e5f-74ab-44e7-ac14-c1641b543fa8,3619,,"[68.9, 63.7]",3869685,94,,,,,,,,,,,,,,,,,,,,,,,3,Regular Play,Jules Koundé,4445.0,Right Back,205,Argentina,779,"['4b3f0309-5f37-4953-9bdc-cbb48ff69196', '5eac48e0-f1e5-49e0-8da7-a6ac142fbbb2']",20,,,,,,,,,,,,,,,,,France,771,00:04:20.675,Pressure,,68.9,63.7,,
,,,,,,,,,,,,,,,,,,,,0.742872,,,,,,,,,,,,,,,4aa0ee8e-eada-46bf-9330-ff30e1ef5ac3,3625,,"[83.7, 55.4]",3869685,94,,,,,,,,,,,,,,,,,,,,,,,3,Regular Play,Randal Kolo Muani,22097.0,Right Center Forward,205,Argentina,779,['b13a850a-c285-4508-a413-6bc5c7b3de73'],23,,,,,,,,,,,,,,,,,France,771,00:04:23.164,Pressure,,83.7,55.4,,
,,,,,,,,,,,,,,,,,,,,0.196274,,,,,,,,,,,,,,,e45fa7aa-579e-4d87-9ae7-c329bf56559d,3627,,"[82.6, 58.1]",3869685,94,,,,,,,,,,,,,,,,,,,,,,,3,Regular Play,Jules Koundé,4445.0,Right Back,205,Argentina,779,,25,,,,,,,,,,,,,,,,,France,771,00:04:25.009,Pressure,,82.6,58.1,,
,,,,,,,,,,,,,,,,,,,,0.453063,,,,,,,,,,,,,,,dbbd9dad-7940-4c01-8a93-5e2366d4fa9b,3632,,"[105.5, 41.9]",3869685,94,,,,,,,,,,,,,,,,,,,,,,,3,Regular Play,Kylian Mbappé Lottin,3009.0,Left Center Forward,205,Argentina,779,['7a81b66a-ce4f-46cf-b49a-0f008fd19024'],30,,,,,,,,,,,,,,,,,France,771,00:04:30.483,Pressure,,105.5,41.9,,
,,,,,,,,,,,,,,True,,,,,,1.287746,,,,,,,,,,,,,,,5c4c90e4-4051-4f29-af77-05042a826b18,3720,,"[72.1, 68.2]",3869685,97,,,,,,,,,,,,,,,,,,,,,,,3,From Goal Kick,Jules Koundé,4445.0,Right Back,209,France,771,['82a7c56f-0dcf-437c-87d1-eb7a653e49f6'],48,,,,,,,,,,,,,,,,,France,771,00:07:48.008,Pressure,,72.1,68.2,,
,,,,,,,,,,,,,,,,,,,,1.74181,,,,,,,,,,,,,,,a18220fe-4f2b-48f9-b669-f22845b7dd4c,3742,,"[83.2, 11.3]",3869685,98,,,,,,,,,,,,,,,,,,,,,,,3,Regular Play,Randal Kolo Muani,22097.0,Right Center Forward,210,Argentina,779,['4a2df144-1703-4a54-902f-d45e5192a2a5'],24,,,,,,,,,,,,,,,,,France,771,00:08:24.269,Pressure,,83.2,11.3,,
,,,,,,,,,,,,,,,,,,,,0.444358,,,,,,,,,,,,,,,19593a19-afdc-49b5-b66e-088c3b2f40f8,3756,,"[97.2, 28.0]",3869685,98,,,,,,,,,,,,,,,,,,,,,,,3,Regular Play,Randal Kolo Muani,22097.0,Right Center Forward,210,Argentina,779,['c5e9c70f-90b9-4a66-b08d-0fd9de90d09e'],35,,,,,,,,,,,,,,,,,France,771,00:08:35.758,Pressure,,97.2,28.0,,
,,,,,,,,,,,,,,,,,,,,0.31564,,,,,,,,,,,,,,,e92bf1f1-1569-4c47-9762-9449946348c8,3763,,"[82.0, 8.7]",3869685,98,,,,,,,,,,,,,,,,,,,,,,,3,Regular Play,Youssouf Fofana,11990.0,Left Defensive Midfield,210,Argentina,779,['4f43abaa-4671-4dd7-9256-96f7ad51881f'],40,,,,,,,,,,,,,,,,,France,771,00:08:40.111,Pressure,,82.0,8.7,,
,,,,,,,,,,,,,,,,,,,,3.320904,,,,,,,,,,,,,,,95919199-46ef-44bf-ac8c-f08352c12b7d,3787,,"[94.6, 5.9]",3869685,99,,,,,,,,,,,,,,,,,,,,,,,3,Regular Play,Youssouf Fofana,11990.0,Left Defensive Midfield,212,Argentina,779,['8f106018-e106-49ba-a5fc-f8324204eebc'],3,,,,,,,,,,,,,,,,,France,771,00:09:03.429,Pressure,,94.6,5.9,,
,,,,,,,,,,,,,,,,,,,,1.191502,,,,,,,,,,,,,,,74c774ed-2ebd-4c4e-8f12-b6cf60fed4cb,3792,,"[111.5, 9.6]",3869685,99,,,,,,,,,,,,,,,,,,,,,,,3,Regular Play,Youssouf Fofana,11990.0,Left Defensive Midfield,212,Argentina,779,"['2cff8365-e7f2-4c2f-94cf-c75d93fdaafd', '3aab0046-fc63-4d01-9221-71bb3d66cf27']",8,,,,,,,,,,,,,,,,,France,771,00:09:08.474,Pressure,,111.5,9.6,,
,,,,,,,,,,,,,,,,,,,,0.331138,,,,,,,,,,,,,,,75a99cfe-d7aa-4a99-999e-4d750811247c,3817,,"[53.1, 8.9]",3869685,101,,,,,,,,,,,,,,,,,,,,,,,3,From Free Kick,Eduardo Camavinga,24778.0,Left Back,215,Argentina,779,"['6ee5cdb2-4374-4dd4-b189-6ce3e02cc37c', '8e4808cc-f6eb-4a39-8123-0b1041ace352']",7,,,,,,,,,,,,,,,,,France,771,00:11:07.253,Pressure,,53.1,8.9,,
,,,,,,,,,,,,,,,,,,,,1.3476,,,,,,,,,,,,,,,4c0a3cc1-3379-4c67-8330-b4b64b125702,3831,,"[81.3, 15.8]",3869685,101,,,,,,,,,,,,,,,,,,,,,,,3,From Free Kick,Randal Kolo Muani,22097.0,Right Center Forward,215,Argentina,779,"['08016b85-1738-4bf8-a1ba-6e8a1fcc7603', 'c8cc5168-255c-4bd6-a9ee-3ce9cbc28db3']",18,,,,,,,,,,,,,,,,,France,771,00:11:18.250,Pressure,,81.3,15.8,,
,,,,,,,,,,,,,,,,,,,,0.726772,,,,,,,,,,,,,,,2b6a565f-dfb1-4c9e-befc-e48eda72be3b,3875,,"[38.8, 62.6]",3869685,103,,,,,,,,,,,,,,,,,,,,,,,3,From Free Kick,Kingsley Coman,8217.0,Right Midfield,216,Argentina,779,['22d30853-31c3-4a62-ba16-7298194887de'],7,,,,,,,,,,,,,,,,,France,771,00:13:07.202,Pressure,,38.8,62.6,,
,,,,,,,,,,,,,,,,,,,,1.488732,,,,,,,,,,,,,,,6d412149-684d-43ff-a216-29f84567701e,3894,,"[23.4, 54.9]",3869685,103,,,,,,,,,,,,,,,,,,,,,,,3,From Free Kick,Jules Koundé,4445.0,Right Back,216,Argentina,779,['5de85728-a585-484c-8363-cd72728a14a4'],30,,,,,,,,,,,,,,,,,France,771,00:13:30.737,Pressure,,23.4,54.9,,
,,,,,,,,,,,,,,True,,,,,,1.360425,,,,,,,,,,,,,,,fd922cc4-c90a-42a6-a81a-3dd7c545c32a,3901,,"[52.0, 28.4]",3869685,104,,,,,,,,,,,,,,,,,,,,,,,3,Regular Play,Youssouf Fofana,11990.0,Left Defensive Midfield,218,Argentina,779,['4aa377b8-95ce-4404-8265-9c9f9a30988f'],7,,,,,,,,,,,,,,,,,France,771,00:14:07.933,Pressure,,52.0,28.4,,
,,,,,,,,,,,,,,,,,,,,0.597866,,,,,,,,,,,,,,,9cdb7d19-26f6-4aa9-a213-5928a6693411,3917,,"[35.8, 31.2]",3869685,104,,,,,,,,,,,,,,,,,,,,,,,3,Regular Play,Marcus Thuram,2972.0,Left Midfield,218,Argentina,779,"['305d2706-6f86-4d2f-a7d1-fc1d480e11cd', 'ed049ab2-c23e-466c-b517-7ec55ed1f6f7']",21,,,,,,,,,,,,,,,,,France,771,00:14:21.598,Pressure,,35.8,31.2,,
,,,,,,,,,,,,,,,,,,,,0.461647,,,,,,,,,,,,,,,b3372a24-e63d-4cab-9cee-536ef4bf4eb8,3924,,"[17.6, 45.7]",3869685,104,,,,,,,,,,,,,,,,,,,,,,,3,Regular Play,Dayotchanculle Upamecano,8519.0,Left Center Back,218,Argentina,779,"['2e4921b9-5ac4-4378-b93a-14d1676204c9', '4110d7e1-c550-49c4-a07f-80df35b94088', 'bdee7fc4-af57-45ad-b249-c46eb138b448']",26,,,,,,,,,,,,,,,,,France,771,00:14:26.578,Pressure,,17.6,45.7,,
,,,,,,,,,,,,,,,,,,,,0.46209,,,,,,,,,,,,,,,20ac25f1-bc2a-4961-b9b3-553340d7144e,3938,,"[15.9, 12.6]",3869685,105,,,,,,,,,,,,,,,,,,,,,,,3,From Corner,Aurélien Djani Tchouaméni,10481.0,Right Defensive Midfield,219,Argentina,779,,16,,,,,,,,,,,,,,,,,France,771,00:15:16.377,Pressure,,15.9,12.6,,
,,,,,,,,,,,,,,True,,,,,,0.455783,,,,,,,,,,,,,,,13df5518-f656-44dc-bb8a-7160af5653d2,3969,,"[18.2, 44.9]",3869685,105,,,,,,,,,,,,,,,,,,,,,,,3,From Counter,Dayotchanculle Upamecano,8519.0,Left Center Back,221,Argentina,779,['25cad31a-542c-4d7a-9586-a3a8399fb847'],40,,,,,,,,,,,,,,,,,France,771,00:15:40.530,Pressure,,18.2,44.9,,
,,,,,,,,,,,,,,,,,,,,0.341204,,,,,,,,,,,,,,,62053f8e-f7a7-4b78-ba15-f875a6bebf91,3995,,"[42.4, 72.2]",3869685,105,,,,,,,,,,,,,,,,,,,,,,,4,From Kick Off,Kingsley Coman,8217.0,Right Midfield,223,Argentina,779,['e097ae93-842a-4f2d-8f3f-0b8d758cccf9'],21,,,,,,,,,,,,,,,,,France,771,00:00:21.220,Pressure,,42.4,72.2,,
,,,,,,,,,,,,,,,,,,,,1.238812,,,,,,,,,,,,,,,0c70ca2a-5ce3-4563-aba9-ded3f43bfad9,3999,,"[29.6, 72.7]",3869685,105,,,,,,,,,,,,,,,,,,,,,,,4,From Kick Off,Jules Koundé,4445.0,Right Back,223,Argentina,779,['e0c3e9e0-a39f-4ad8-a43f-03005646b87d'],22,,,,,,,,,,,,,,,,,France,771,00:00:22.784,Pressure,,29.6,72.7,,
,,,,,,,,,,,,,,,,,,,,0.573475,,,,,,,,,,,,,,,2ca72463-3bfd-42ad-936a-71479e6fea86,4044,,"[2.0, 24.3]",3869685,106,,,,,,,,,,,,,,,,,,,,,,,4,From Throw In,Dayotchanculle Upamecano,8519.0,Left Center Back,226,Argentina,779,['e9b96b6b-bf9e-456b-99ea-10b927229686'],58,,,,,,,,,,,,,,,,,France,771,00:01:58.825,Pressure,,2.0,24.3,,
,,,,,,,,,,,,,,,,,,,,0.3199,,,,,,,,,,,,,,,d5238cda-859d-4bc0-933f-a5d1ab6030c3,4125,,"[68.3, 16.6]",3869685,111,,,,,,,,,,,,,,,,,,,,,,,4,Regular Play,Marcus Thuram,2972.0,Left Midfield,232,Argentina,779,"['6f3e2178-92ff-4b97-825c-d66c0f6df361', 'af75d082-f5e2-4713-84f5-4369b19e756b']",42,,,,,,,,,,,,,,,,,France,771,00:06:42.011,Pressure,,68.3,16.6,,
,,,,,,,,,,,,,,,,,,,,0.331969,,,,,,,,,,,,,,,524a9496-9b10-489a-94de-f04de76fafb5,4131,,"[34.9, 59.4]",3869685,111,,,,,,,,,,,,,,,,,,,,,,,4,Regular Play,Raphaël Varane,5485.0,Right Center Back,232,Argentina,779,,49,,,,,,,,,,,,,,,,,France,771,00:06:49.567,Pressure,,34.9,59.4,,
,,,,,,,,,,,,,,,,,,,,1.638522,,,,,,,,,,,,,,,6cdeb96e-96d7-49f0-9fd7-af080d5c5d7b,4142,,"[4.3, 70.5]",3869685,112,,,,,,,,,,,,,,,,,,,,,,,4,From Throw In,Kingsley Coman,8217.0,Right Midfield,233,Argentina,779,,34,,,,,,,,,,,,,,,,,France,771,00:07:34.254,Pressure,,4.3,70.5,,
,,,,,,,,,,,,,,,,,,,,1.366025,,,,,,,,,,,,,,,7661b52c-b45f-4a06-b33e-4372e3fdc028,4146,,"[4.1, 66.7]",3869685,112,,,,,,,,,,,,,,,,,,,,,,,4,From Throw In,Jules Koundé,4445.0,Right Back,234,Argentina,779,"['735bb51e-ac12-43b0-8f55-def2feae228d', 'c55820e5-085f-4b15-b82f-f7f1e09201e4']",54,,,,,,,,,,,,,,,,,France,771,00:07:54.900,Pressure,,4.1,66.7,,
,,,,,,,,,,,,,,,,,,,,0.317089,,,,,,,,,,,,,,,6d24aadc-083c-45c5-8d8a-1df7d0eebf7e,4149,,"[9.3, 70.9]",3869685,112,,,,,,,,,,,,,,,,,,,,,,,4,From Throw In,Kingsley Coman,8217.0,Right Midfield,234,Argentina,779,['735bb51e-ac12-43b0-8f55-def2feae228d'],57,,,,,,,,,,,,,,,,,France,771,00:07:57.129,Pressure,,9.3,70.9,,
,,,,,,,,,,,,,,,,,,,,1.36826,,,,,,,,,,,,,,,fcb17193-ef05-4f58-862f-beef7c3c2e99,4153,,"[4.1, 72.7]",3869685,112,,,,,,,,,,,,,,,,,,,,,,,4,From Throw In,Kingsley Coman,8217.0,Right Midfield,234,Argentina,779,['9a41f556-d007-4063-b3e0-94294ae0104a'],58,,,,,,,,,,,,,,,,,France,771,00:07:58.882,Pressure,,4.1,72.7,,
,,,,,,,,,,,,,,,,,,,,1.113519,,,,,,,,,,,,,,,83f8087f-fbec-4c80-a516-4a187a4068aa,4161,,"[4.1, 72.7]",3869685,113,,,,,,,,,,,,,,,,,,,,,,,4,From Throw In,Kingsley Coman,8217.0,Right Midfield,234,Argentina,779,"['2eb87c38-79d0-45ff-ae82-c2a2db53a7d0', '9757274a-5401-4647-a6d6-0f31d83996d9']",8,,,,,,,,,,,,,,,,,France,771,00:08:08.746,Pressure,,4.1,72.7,,
,,,,,,,,,,,,,,,,,,,,0.434027,,,,,,,,,,,,,,,52480ff0-10d9-41f4-8ad3-f6b076b0bd4e,4210,,"[61.2, 25.0]",3869685,118,,,,,,,,,,,,,,,,,,,,,,,4,From Kick Off,Youssouf Fofana,11990.0,Left Defensive Midfield,239,Argentina,779,"['77f90f1e-5b7f-4dfc-9e95-d0c4ca3f5676', '7f0c3150-0bab-41ac-b7e2-2bcc9536b7e3', 'a7505959-97f7-4dfe-8dcb-84a374cb0577']",3,,,,,,,,,,,,,,,,,France,771,00:13:03.665,Pressure,,61.2,25.0,,
,,,,,,,,,,,,,,,,,,,,0.450642,,,,,,,,,,,,,,,d530a6d5-dbe9-40cb-a4a7-012c3ce31760,4222,,"[44.6, 32.0]",3869685,118,,,,,,,,,,,,,,,,,,,,,,,4,From Kick Off,Randal Kolo Muani,22097.0,Right Center Forward,239,Argentina,779,"['473ed046-ea8a-4824-a07d-84c4bcda5a60', '8162f512-3c8a-44ab-a889-03238e9c16fa']",13,,,,,,,,,,,,,,,,,France,771,00:13:13.280,Pressure,,44.6,32.0,,
,,,,,,,,,,,,,,,,,,,,0.985089,,,,,,,,,,,,,,,27ec1343-7a34-492b-8837-39f7566aa45a,4236,,"[37.1, 28.4]",3869685,118,,,,,,,,,,,,,,,,,,,,,,,4,From Kick Off,Aurélien Djani Tchouaméni,10481.0,Right Defensive Midfield,239,Argentina,779,['9b339859-e80f-4b48-a92f-f57037a92724'],23,,,,,,,,,,,,,,,,,France,771,00:13:23.344,Pressure,,37.1,28.4,,
,,,,,,,,,,,,,,,,,,,,1.102692,,,,,,,,,,,,,,,4a0c4354-549e-44ec-8c5d-911551dae67b,4277,,"[37.3, 75.0]",3869685,121,,,,,,,,,,,,,,,,,,,,,,,4,From Goal Kick,Aurélien Djani Tchouaméni,10481.0,Right Defensive Midfield,243,Argentina,779,"['6ed2532a-8c77-4c26-b3ea-22ebb3dbe0e7', 'f6fc69bf-4e1f-40ad-a6b9-0492f82fb705']",5,,,,,,,,,,,,,,,,,France,771,00:16:05.330,Pressure,,37.3,75.0,,
,,,,,,,,,,,,,,,,,,,,0.95232,,,,,,,,,,,,,,,f23516e3-aa31-4178-bc00-2918af82f62e,4292,,"[38.6, 73.1]",3869685,121,,,,,,,,,,,,,,,,,,,,,,,4,From Throw In,Kingsley Coman,8217.0,Right Midfield,244,Argentina,779,"['3a320474-c871-4f35-803e-c144dd9c7faa', '74833589-752b-4324-aef2-fa41815c4562', 'baf6b7b4-778b-41de-a7d5-d2dbc4498945']",36,,,,,,,,,,,,,,,,,France,771,00:16:36.151,Pressure,,38.6,73.1,,
,,,,,,,,,,,,,,,,,,,,1.879322,,,,,,,,,,,,,,,45e8d710-8e5c-437e-b48a-8ed3e32f1fa7,4298,,"[60.0, 70.7]",3869685,121,,,,,,,,,,,,,,,,,,,,,,,4,From Throw In,Randal Kolo Muani,22097.0,Right Center Forward,244,Argentina,779,"['17687470-b9a6-4a70-ace9-bb72ba628d62', '7f6b50c9-dc28-4185-90c3-68600423966f']",38,,,,,,,,,,,,,,,,,France,771,00:16:38.597,Pressure,,60.0,70.7,,
,,,,,,,,,,,,,,,,,,,,0.322053,,,,,,,,,,,,,,,21260732-962d-4c5f-a92b-71989141f8f2,4302,,"[62.5, 75.4]",3869685,121,,,,,,,,,,,,,,,,,,,,,,,4,From Throw In,Randal Kolo Muani,22097.0,Right Center Forward,244,Argentina,779,['43fad418-504f-4203-ab42-6189fa48b21f'],41,,,,,,,,,,,,,,,,,France,771,00:16:41.913,Pressure,,62.5,75.4,,
,,,,,,,,,,,,,,,,,,,,0.455876,,,,,,,,,,,,,,,d60e4b1e-bd2d-4947-92a7-9a48d4a896a7,4309,,"[58.2, 66.2]",3869685,121,,,,,,,,,,,,,,,,,,,,,,,4,From Throw In,Kingsley Coman,8217.0,Right Midfield,244,Argentina,779,['8f21089b-80cd-49e2-88f4-8aebf1a79922'],43,,,,,,,,,,,,,,,,,France,771,00:16:43.944,Pressure,,58.2,66.2,,
,,,,,,,,,,,,,,,,,,,,2.752774,,,,,,,,,,,,,,,575d69fc-2e30-4edf-ae61-22961c473a02,4312,,"[61.9, 72.2]",3869685,121,,,,,,,,,,,,,,,,,,,,,,,4,From Throw In,Kingsley Coman,8217.0,Right Midfield,244,Argentina,779,"['af882e89-9da4-4b18-bc0f-56a5336ec900', 'bec0115c-bdb5-460b-9712-5c988e603fc9']",45,,,,,,,,,,,,,,,,,France,771,00:16:45.589,Pressure,,61.9,72.2,,
,,,,,,,,,,,,,,,,,,,,0.442072,,,,,,,,,,,,,,,f6cec6dc-01bb-4f62-91e4-2595aeb444fa,4316,,"[40.3, 68.2]",3869685,121,,,,,,,,,,,,,,,,,,,,,,,4,From Throw In,Ibrahima Konaté,11135.0,Right Center Back,244,Argentina,779,"['34c6dafa-6e56-47dd-9b50-2175a72593cc', '72aaa96e-665a-4856-9c6c-d3cd84d7ba9f', 'd68d2c9f-e27c-4955-a844-0a36d0fc66bc']",50,,,,,,,,,,,,,,,,,France,771,00:16:50.455,Pressure,,40.3,68.2,,
,,,,,,,,,,,,,,True,,,,,,0.189456,,,,,,,,,,,,,,,29e57cc0-ad87-4b02-aed9-898b55839b1b,4344,,"[72.4, 31.4]",3869685,122,,,,,,,,,,,,,,,,,,,,,,,4,Regular Play,Eduardo Camavinga,24778.0,Left Back,246,Argentina,779,['6fc6102d-c196-4362-b1ee-d4327a1154ef'],49,,,,,,,,,,,,,,,,,France,771,00:17:49.608,Pressure,,72.4,31.4,,
,,,,,,,,,,,,,,,,,,,,0.975134,,,,,,,,,,,,,,,d1fb3786-d6d9-4b45-8885-e331d6d1dace,4352,,"[16.1, 19.2]",3869685,122,,,,,,,,,,,,,,,,,,,,,,,4,Regular Play,Dayotchanculle Upamecano,8519.0,Left Center Back,246,Argentina,779,"['7b17edc2-ad6e-4aa5-b978-ec44fd7c31bc', 'cbfdc80d-9535-437d-acd3-b0112a420cc9']",57,,,,,,,,,,,,,,,,,France,771,00:17:57.434,Pressure,,16.1,19.2,,
